Região,Município,UF,Lat,Long
Sul de Minas,Aiuruoca,MG,-21.9759554,-44.6036637
Sul de Minas,Tapiraí,MG,-19.8882788,-46.0202739
Sul de Minas,Cabo Verde,MG,-21.4743338,-46.3964995
Sul de Minas,Contagem,MG,-19.9132749,-44.0840953
Sul de Minas,Estiva,MG,-22.4638686,-46.0182101
Sul de Minas,Itaguara,MG,-20.391389,-44.488055
Sul de Minas,Liberdade,MG,-22.0253009,-44.3208231
Sul de Minas,Passa Quatro,MG,-22.3893803,-44.9666039
Sul de Minas,Rio Manso,MG,-20.1912278,-44.2756505
Sul de Minas,Sapucaí-Mirim,MG,-22.7480012,-45.7427651
Sul de Minas,São Sebastião do Paraíso,MG,-20.9124331,-46.9823296
Sul de Minas,Aguanil,MG,-20.9424533,-45.3927152
Sul de Minas,Arceburgo,MG,-21.364444,-46.939722
Sul de Minas,Caldas,MG,-21.923611,-46.386111
Sul de Minas,Coqueiral,MG,-21.1898365,-45.4409829
Sul de Minas,Extrema,MG,-22.8549109,-46.3190079
Sul de Minas,Itajubá,MG,-22.4238234,-45.4524156
Sul de Minas,Luminárias,MG,-21.5112256,-44.903813
Sul de Minas,Passa Tempo,MG,-20.650556,-44.495833
Sul de Minas,Santa Cruz de Minas,MG,-21.1205363,-44.227261
Sul de Minas,Sarzedo,MG,-20.0353,-44.1453
Sul de Minas,Belo Vale,MG,-20.407778,-44.024167
Sul de Minas,Alagoa,MG,-22.1697202,-44.6400042
Sul de Minas,Camanducaia,MG,-22.755278,-46.144444
Sul de Minas,Cordislândia,MG,-21.792843,-45.7029983
Sul de Minas,Fama,MG,-21.4090398,-45.8322579
Sul de Minas,Itamonte,MG,-22.2830726,-44.8695785
Sul de Minas,Machado,MG,-21.6762861,-45.9211696
Sul de Minas,Passa-Vinte,MG,-22.209722,-44.234444
Sul de Minas,Santa Rita de Caldas,MG,-22.028889,-46.336944
Sul de Minas,Senador Amaral,MG,-22.5654695,-46.17769167394954
Sul de Minas,Betim,MG,-19.968056,-44.198333
Sul de Minas,Albertina,MG,-20.66164,-43.784039
Sul de Minas,Cambuí,MG,-22.6122501,-46.0572137
Sul de Minas,Coronel Xavier Chaves,MG,-21.0234482,-44.2233108
Sul de Minas,Florestal,MG,-19.8878705,-44.4314766
Sul de Minas,Itanhandu,MG,-22.2957913,-44.9366732
Sul de Minas,Madre de Deus de Minas,MG,-21.482223,-44.329723
Sul de Minas,Passos,MG,-20.7167803,-46.6156864
Sul de Minas,Santa Rita de Jacutinga,MG,-22.149166,-44.094444
Sul de Minas,Senador José Bento,MG,-22.1641985,-46.1785855
Sul de Minas,Boa Esperança,MG,-21.0901253,-45.5660195
Sul de Minas,Alfenas,MG,-21.4297405,-45.9479419
Sul de Minas,Campestre,MG,-21.0029918,-43.7327528
Sul de Minas,Córrego do Bom Jesus,MG,-22.630556,-46.019723
Sul de Minas,Formiga,MG,-20.4648425,-45.4266753
Sul de Minas,Itapecerica,MG,-20.472778,-45.125556
Sul de Minas,Mateus Leme,MG,-19.986666,-44.428056
Sul de Minas,Pedra do Indaiá,MG,-20.258333,-45.208611
Sul de Minas,Santana da Vargem,MG,-21.2491719,-45.5068185
Sul de Minas,Seritinga,MG,-21.9096949,-44.5216061
Sul de Minas,Bocaina de Minas,MG,-22.167778,-44.394722
Sul de Minas,Alpinópolis,MG,-20.863611,-46.387777
Sul de Minas,Campo do Meio,MG,-21.1072006,-45.8301735
Sul de Minas,Córrego Fundo,MG,-20.4490405,-45.5558238
Sul de Minas,Fortaleza de Minas,MG,-20.849166,-46.712222
Sul de Minas,Itapeva,MG,-22.7071665,-46.23015850595238
Sul de Minas,Matozinhos,MG,-19.5576547,-44.0816035
Sul de Minas,Pedro Leopoldo,MG,-19.617778,-44.043055
Sul de Minas,Santana do Garambéu,MG,-21.601389,-44.104167
Sul de Minas,Serrania,MG,-21.548333,-46.039722
Sul de Minas,Bom Jesus da Penha,MG,-21.006999999999998,-46.54858333333333
Sul de Minas,Alterosa,MG,-21.249166,-46.143055
Sul de Minas,Campos Gerais,MG,-21.2333342,-45.7584127
Sul de Minas,Cristais,MG,-20.875834,-45.518611
Sul de Minas,Funilândia,MG,-19.3711961,-44.0599481
Sul de Minas,Itatiaiuçu,MG,-20.1975724,-44.4224889
Sul de Minas,Minduri,MG,-21.6817218,-44.6036995
Sul de Minas,Pimenta,MG,-20.4827995,-45.7985894
Sul de Minas,Santo Antônio do Monte,MG,-20.086944,-45.290555
Sul de Minas,Serranos,MG,-21.890277,-44.509444
Sul de Minas,Capitólio,MG,-20.6142437,-46.0487652
Sul de Minas,Andradas,MG,-22.0680484,-46.5688976
Sul de Minas,Capim Branco,MG,-16.3877865,-46.8970553
Sul de Minas,Crucilândia,MG,-20.3985647,-44.3429275
Sul de Minas,Gonçalves,MG,-22.658883,-45.8558405
Sul de Minas,Itaú de Minas,MG,-20.739722,-46.752222
Sul de Minas,Monsenhor Paulo,MG,-21.757778,-45.541111
Sul de Minas,Piracema,MG,-20.5091579,-44.4754464
Sul de Minas,São João Batista do Glória,MG,-20.6413912,-46.5052866
Sul de Minas,Sete Lagoas,MG,-19.466111,-44.246944
Sul de Minas,Conceição dos Ouros,MG,-22.413056,-45.797777
Sul de Minas,Andrelândia,MG,-21.739722,-44.308889
Sul de Minas,Careaçu,MG,-22.0440585,-45.6949091
Sul de Minas,Cruzília,MG,-21.838333,-44.808056
Sul de Minas,Guapé,MG,-20.7619447,-45.9174969
Sul de Minas,Itaúna,MG,-20.075556,-44.576389
Sul de Minas,Monte Belo,MG,-21.3225052,-46.3649768
Sul de Minas,Piranguçu,MG,-22.5280226,-45.4961066
Sul de Minas,São João da Mata,MG,-21.9311736,-45.9287155
Sul de Minas,Silvianópolis,MG,-22.029723,-45.835277
Sul de Minas,Congonhal,MG,-22.1532505,-46.0404698
Sul de Minas,Arantina,MG,-21.911667,-44.255833
Sul de Minas,Carmo da Cachoeira,MG,-21.460556,-45.223334
Sul de Minas,Delfim Moreira,MG,-22.5086783,-45.2792398
Sul de Minas,Ibirité,MG,-20.0214251,-44.0621506
Sul de Minas,Itumirim,MG,-21.317223,-44.870556
Sul de Minas,Monte Santo de Minas,MG,-21.189722,-46.98
Sul de Minas,Piumhi,MG,-20.4675258,-45.9576125
Sul de Minas,São Joaquim de Bicas,MG,-20.0489052,-44.2731691
Sul de Minas,Tiradentes,MG,-21.1104688,-44.1742937
Sul de Minas,Guaranésia,MG,-21.3024827,-46.7956962
Sul de Minas,Arcos,MG,-20.282223,-45.539444
Sul de Minas,Carmo do Cajuru,MG,-20.184444,-44.770834
Sul de Minas,Delfinópolis,MG,-20.344749,-46.8546425
Sul de Minas,Ibitiúra de Minas,MG,-22.060833,-46.439722
Sul de Minas,Itutinga,MG,-21.297383,-44.6575084
Sul de Minas,Monte Sião,MG,-22.432778,-46.572778
Sul de Minas,Poço Fundo,MG,-21.780834,-45.965
Sul de Minas,São José da Barra,MG,-20.7180697,-46.3125073
Sul de Minas,Tocos do Moji,MG,-22.3706152,-46.0964763
Sul de Minas,Guaxupé,MG,-21.3087615,-46.7190609
Sul de Minas,Areado,MG,-21.3582771,-46.1476688
Sul de Minas,Carmo do Rio Claro,MG,-20.973315,-46.1186754
Sul de Minas,Desterro de Entre Rios,MG,-20.66,-44.332223
Sul de Minas,Igarapé,MG,-20.068789,-44.3017439
Sul de Minas,Jacuí,MG,-21.0169567,-46.7458301
Sul de Minas,Munhoz,MG,-22.613056,-46.360556
Sul de Minas,Poços de Caldas,MG,-21.7900318,-46.5647928
Sul de Minas,São José da Varginha,MG,-19.7087286,-44.5577812
Sul de Minas,Toledo,MG,-22.7433969,-46.3735044
Sul de Minas,Maria da Fé,MG,-22.3081652,-45.3752771
Sul de Minas,Bandeira do Sul,MG,-21.728056,-46.385555
Sul de Minas,Carmópolis de Minas,MG,-20.541224,-44.6350611
Sul de Minas,Divinópolis,MG,-20.1597921,-44.8739341
Sul de Minas,Igaratinga,MG,-19.955278,-44.7089254
Sul de Minas,Jacutinga,MG,-22.285833,-46.612222
Sul de Minas,Muzambinho,MG,-21.3684325,-46.522317
Sul de Minas,Pouso Alegre,MG,-22.2343858,-45.9327241
Sul de Minas,São José do Alegre,MG,-22.330449,-45.5284585
Sul de Minas,Três Corações,MG,-21.695625,-45.2543675
Sul de Minas,Mário Campos,MG,-20.0511,-44.1858
Sul de Minas,Bom Repouso,MG,-22.4657069,-46.1485376
Sul de Minas,Carrancas,MG,-21.4910462,-44.6436151
Sul de Minas,Divisa Nova,MG,-21.5126801,-46.1926626
Sul de Minas,Iguatama,MG,-20.174445,-45.711111
Sul de Minas,Japaraíba,MG,-20.1416346,-45.5032099
Sul de Minas,Nepomuceno,MG,-21.232744,-45.2352276
Sul de Minas,Prados,MG,-21.0572943,-44.0788784
Sul de Minas,São Pedro da União,MG,-21.1316402,-46.6175338
Sul de Minas,Três Pontas,MG,-21.3686224,-45.5122937
Sul de Minas,Marmelópolis,MG,-22.448889,-45.165278
Sul de Minas,Bonfim,MG,-17.1095565,-43.8179164
Sul de Minas,Carvalhópolis,MG,-21.7773461,-45.8412117
Sul de Minas,Doresópolis,MG,-20.287222,-45.903056
Sul de Minas,Ijaci,MG,-21.1700929,-44.9280621
Sul de Minas,Jeceaba,MG,-20.5353816,-43.983346
Sul de Minas,Nova Resende,MG,-21.1263862,-46.424537
Sul de Minas,Pratápolis,MG,-20.744722,-46.861111
Sul de Minas,São Roque de Minas,MG,-20.245277,-46.365833
Sul de Minas,Turvolândia,MG,-21.875556,-45.786944
Sul de Minas,Piedade do Rio Grande,MG,-21.4679371,-44.1939394
Sul de Minas,Borda da Mata,MG,-22.274167,-46.165278
Sul de Minas,Carvalhos,MG,-22.001667,-44.461667
Sul de Minas,Elói Mendes,MG,-21.6094466,-45.5660211
Sul de Minas,Ilicínea,MG,-20.9390196,-45.8263558
Sul de Minas,Juatuba,MG,-19.954001,-44.3407921
Sul de Minas,Ouro Fino,MG,-22.283056,-46.369167
Sul de Minas,Prudente de Morais,MG,-19.4825,-44.155556
Sul de Minas,São Sebastião do Rio Verde,MG,-22.2174751,-44.9783312
Sul de Minas,Vargem Bonita,MG,-20.3282116,-46.3668419
Sul de Minas,Piedade dos Gerais,MG,-20.471111,-44.226945
Sul de Minas,Botelhos,MG,-21.65,-46.394722
Sul de Minas,Cláudio,MG,-20.4448485,-44.7655217
Sul de Minas,Entre Rios de Minas,MG,-20.670834,-44.065556
Sul de Minas,Inconfidentes,MG,-22.3168866,-46.3279182
Sul de Minas,Juruaia,MG,-21.252778,-46.577223
Sul de Minas,Pains,MG,-20.3672648,-45.6633353
Sul de Minas,Resende Costa,MG,-20.921945,-44.237777
Sul de Minas,São Sebastião do Oeste,MG,-20.274723,-45.003611
Sul de Minas,Varginha,MG,-21.5565914,-45.4340674
Sul de Minas,São Bento Abade,MG,-21.5816076,-45.0759227
Sul de Minas,Brumadinho,MG,-20.143611,-44.2
Sul de Minas,Conceição da Aparecida,MG,-21.094166,-46.204444
Sul de Minas,Esmeraldas,MG,-19.7613111,-44.3145945
Sul de Minas,Ingaí,MG,-21.400833,-44.917223
Sul de Minas,Lagoa Dourada,MG,-20.914444,-44.077778
Sul de Minas,Pará de Minas,MG,-19.8599637,-44.6075313
Sul de Minas,Ribeirão das Neves,MG,-19.7672898,-44.0875436
Sul de Minas,São Thomé das Letras,MG,-21.7218272,-44.9849435
Sul de Minas,Wenceslau Braz,MG,-22.5342367,-45.3614735
Sul de Minas,São Gonçalo do Pará,MG,-19.982778,-44.859167
Sul de Minas,Bueno Brandão,MG,-22.441976,-46.3517971
Sul de Minas,Consolação,MG,-22.551389,-45.921111
Sul de Minas,Espírito Santo do Dourado,MG,-22.046666,-45.950833
Sul de Minas,Ipuiúna,MG,-22.0993203,-46.1896557
Sul de Minas,Lavras,MG,-21.2425512,-44.9991978
Sul de Minas,Paraguaçu,MG,-21.547222,-45.7375
Sul de Minas,Ribeirão Vermelho,MG,-21.1881942,-45.0627632
Sul de Minas,São Vicente de Minas,MG,-21.703333,-44.443889
Sul de Minas,Virgínia,MG,-22.333333,-45.091666
Mantiqueira de Minas (Denominação de Origem),Carmo de Minas,MG,-22.1216655,-45.1323836
Mantiqueira de Minas (Denominação de Origem),São Lourenço,MG,-22.116389,-45.054167
Mantiqueira de Minas (Denominação de Origem),Dom Viçoso,MG,-22.2534164,-45.1603324
Mantiqueira de Minas (Denominação de Origem),Cachoeira de Minas,MG,-22.3554043,-45.7796324
Mantiqueira de Minas (Denominação de Origem),Campanha,MG,-21.8361108,-45.401986
Mantiqueira de Minas (Denominação de Origem),Conceição das Pedras,MG,-22.1596572,-45.4550521
Mantiqueira de Minas (Denominação de Origem),Heliodora,MG,-22.0675,-45.542222
Mantiqueira de Minas (Denominação de Origem),Lambari,MG,-21.9754009,-45.3505415
Mantiqueira de Minas (Denominação de Origem),Olímpio Noronha,MG,-22.067778,-45.263889
Mantiqueira de Minas (Denominação de Origem),Pedralva,MG,-22.2428119,-45.4659922
Mantiqueira de Minas (Denominação de Origem),Pouso Alto,MG,-22.193889,-44.972778
Mantiqueira de Minas (Denominação de Origem),São Gonçalo do Sapucaí,MG,-21.8905238,-45.5935943
Mantiqueira de Minas (Denominação de Origem),Soledade de Minas,MG,-22.0603078,-45.0448055
Mantiqueira de Minas (Denominação de Origem),Cristina,MG,-22.212222,-45.264167
Mantiqueira de Minas (Denominação de Origem),Baependi,MG,-21.959162,-44.8899249
Mantiqueira de Minas (Denominação de Origem),Brazópolis,MG,-22.4742842,-45.6165577
Mantiqueira de Minas (Denominação de Origem),Cambuquira,MG,-21.853056,-45.2953619
Mantiqueira de Minas (Denominação de Origem),Caxambu,MG,-21.9755872,-44.9311403
Mantiqueira de Minas (Denominação de Origem),Conceição do Rio Verde,MG,-21.881078,-45.0868526
Mantiqueira de Minas (Denominação de Origem),Jesuânia,MG,-21.997777,-45.290833
Mantiqueira de Minas (Denominação de Origem),Natércia,MG,-22.12,-45.511389
Mantiqueira de Minas (Denominação de Origem),Paraisópolis,MG,-22.5541683,-45.7800024
Mantiqueira de Minas (Denominação de Origem),Piranguinho,MG,-22.4029372,-45.5338952
Mantiqueira de Minas (Denominação de Origem),Santa Rita do Sapucaí,MG,-22.2486968,-45.7064507
Mantiqueira de Minas (Denominação de Origem),São Sebastião da Bela Vista,MG,-22.159167,-45.754167
Chapada de Minas,Água Boa,MG,-17.9968063,-42.3904573
Chapada de Minas,Botumirim,MG,-16.862778,-43.011111
Chapada de Minas,Datas,MG,-18.4459187,-43.6584287
Chapada de Minas,Itabirinha,MG,-18.5711894,-41.2339862
Chapada de Minas,Leme do Prado,MG,-17.0827986,-42.6952729
Chapada de Minas,Montes Claros,MG,-16.7273538,-43.8717676
Chapada de Minas,Santa Efigênia de Minas,MG,-18.8275746,-42.4400734
Chapada de Minas,Serra Azul de Minas,MG,-18.3622042,-43.1702095
Chapada de Minas,Gameleiras,MG,-14.98209675,-43.263597746052625
Chapada de Minas,Padre Carvalho,MG,-16.3647,-42.515
Chapada de Minas,Veredinha,MG,-17.3945837,-42.7383934
Chapada de Minas,Águas Formosas,MG,-17.083056,-40.935555
Chapada de Minas,Cachoeira de Pajeú,MG,-15.965833,-41.496666
Chapada de Minas,Diamantina,MG,-18.2440862,-43.6006487
Chapada de Minas,Itacambira,MG,-17.0671616,-43.3130919
Chapada de Minas,Malacacheta,MG,-17.843055,-42.077778
Chapada de Minas,Montezuma,MG,-15.1715121,-42.4987703
Chapada de Minas,Santa Helena de Minas,MG,-16.93939185,-40.682575845425404
Chapada de Minas,Serra dos Aimorés,MG,-17.6441053,-40.370218
Chapada de Minas,Glaucilândia,MG,-16.8497,-43.6972
Chapada de Minas,Padre Paraíso,MG,-17.073889,-41.484444
Chapada de Minas,Virgem da Lapa,MG,-16.8071554,-42.3376458
Chapada de Minas,Águas Vermelhas,MG,-15.7469091,-41.4601975
Chapada de Minas,Campanário,MG,-18.2398144,-41.7271768
Chapada de Minas,Divino das Laranjeiras,MG,-18.7775,-41.479167
Chapada de Minas,Itaipé,MG,-17.401944,-41.670278
Chapada de Minas,Mamonas,MG,-15.0477099,-42.9499586
Chapada de Minas,Nacip Raydan,MG,-18.4575634,-42.2496073
Chapada de Minas,São João do Manteninha,MG,-18.7229295,-41.1615277
Chapada de Minas,Serranópolis de Minas,MG,-15.810935,-42.871182
Chapada de Minas,Gonzaga,MG,-18.8239154,-42.4787064
Chapada de Minas,Pai Pedro,MG,-15.5311251,-43.0667102
Chapada de Minas,Virginópolis,MG,-18.8226124,-42.7053967
Chapada de Minas,Almenara,MG,-16.1740678,-40.6904907
Chapada de Minas,Cantagalo,MG,-20.4673592,-43.0356224
Chapada de Minas,Divinolândia de Minas,MG,-18.8021453,-42.6153788
Chapada de Minas,Itamarandiba,MG,-17.8575,-42.859722
Chapada de Minas,Machacalis,MG,-17.0770336,-40.7187273
Chapada de Minas,Pescador,MG,-18.3563609,-41.5981451
Chapada de Minas,São João do Paraíso,MG,-15.3171214,-42.01678
Chapada de Minas,Serro,MG,-18.604444,-43.379445
Chapada de Minas,Gouveia,MG,-18.4545728,-43.7415904
Chapada de Minas,Palmópolis,MG,-16.7383864,-40.4216514
Chapada de Minas,Virgolândia,MG,-18.4759665,-42.308628
Chapada de Minas,Alpercata,MG,-18.9803616,-41.9827637
Chapada de Minas,Catuji,MG,-17.3024568,-41.5168387
Chapada de Minas,Divisa Alegre,MG,-15.7207751,-41.3442809
Chapada de Minas,Itambacuri,MG,-18.0391974,-41.6751876
Chapada de Minas,Materlândia,MG,-18.473889,-43.06
Chapada de Minas,Ponto dos Volantes,MG,-16.7527503,-41.5039586
Chapada de Minas,São João Evangelista,MG,-18.548023,-42.7652888
Chapada de Minas,Setubinha,MG,-17.6001378,-42.1620269
Chapada de Minas,Governador Valadares,MG,-18.8539497,-41.9458753
Chapada de Minas,Patis,MG,-16.0806266,-44.0805727
Chapada de Minas,Alvorada de Minas,MG,-18.7318587,-43.3641479
Chapada de Minas,Catuti,MG,-15.3597,-42.9628
Chapada de Minas,Divisópolis,MG,-15.7216545,-41.0032019
Chapada de Minas,Itaobim,MG,-16.5614934,-41.502275
Chapada de Minas,Matias Cardoso,MG,-14.8603106,-43.9212441
Chapada de Minas,Porteirinha,MG,-15.7420889,-43.0286046
Chapada de Minas,São Félix de Minas,MG,-18.5906,-41.4861
Chapada de Minas,Taiobeiras,MG,-15.8080842,-42.2270207
Chapada de Minas,Grão Mogol,MG,-16.5634623,-42.8932112
Chapada de Minas,Paulistas,MG,-18.4268235,-42.8689535
Chapada de Minas,Angelândia,MG,-17.7253,-42.2728
Chapada de Minas,Central de Minas,MG,-18.7612885,-41.3071204
Chapada de Minas,Dom Joaquim,MG,-18.967137,-43.2552141
Chapada de Minas,Itinga,MG,-16.6066757,-41.7702077
Chapada de Minas,Mantena,MG,-18.7809937,-40.9808279
Chapada de Minas,Poté,MG,-17.8074949,-41.7892455
Chapada de Minas,São Geraldo da Piedade,MG,-18.8449508,-42.2886336
Chapada de Minas,Teófilo Otoni,MG,-17.8579267,-41.5081533
Chapada de Minas,Guanhães,MG,-18.7753627,-42.9340634
Chapada de Minas,Pavão,MG,-17.430699,-40.9991361
Chapada de Minas,Araçuaí,MG,-16.8484451,-42.0661868
Chapada de Minas,Chapada do Norte,MG,-17.0880036,-42.5380774
Chapada de Minas,Engenheiro Navarro,MG,-17.286622,-43.9515719
Chapada de Minas,Jacinto,MG,-16.1460987,-40.2948032
Chapada de Minas,Marilac,MG,-18.5075,-42.080278
Chapada de Minas,Presidente Kubitschek,MG,-18.614167,-43.561667
Chapada de Minas,São Geraldo do Baixio,MG,-18.9167012,-41.3613816
Chapada de Minas,Vargem Grande do Rio Pardo,MG,-15.4027415,-42.311441
Chapada de Minas,Guaraciama,MG,-17.0129899,-43.6696448
Chapada de Minas,Peçanha,MG,-18.5478786,-42.5608947
Chapada de Minas,Aricanduva,MG,-17.8678,-42.5569
Chapada de Minas,Coluna,MG,-18.2326274,-42.8400811
Chapada de Minas,Espinosa,MG,-14.9232007,-42.8093337
Chapada de Minas,Janaúba,MG,-15.8019291,-43.309246
Chapada de Minas,Mata Verde,MG,-15.6882799,-40.7401058
Chapada de Minas,Riacho dos Machados,MG,-16.006667,-43.049166
Chapada de Minas,São Gonçalo do Rio Preto,MG,-18.0042852,-43.3811575
Chapada de Minas,Varzelândia,MG,-15.701667,-44.027223
Chapada de Minas,Nanuque,MG,-17.8391113,-40.3537221
Chapada de Minas,Pedra Azul,MG,-16.005556,-41.28
Chapada de Minas,Capelinha,MG,-17.693889,-42.518611
Chapada de Minas,Comercinho,MG,-16.2965093,-41.7930954
Chapada de Minas,Felício dos Santos,MG,-18.0765035,-43.2471128
Chapada de Minas,Jenipapo de Minas,MG,-17.08493,-42.259576
Chapada de Minas,Mathias Lobato,MG,-18.5760459,-41.9155448
Chapada de Minas,Rio do Prado,MG,-16.608385,-40.5715827
Chapada de Minas,São João da Ponte,MG,-15.9283299,-44.0078035
Chapada de Minas,Várzea da Palma,MG,-17.5983328,-44.7317086
Chapada de Minas,Ninheira,MG,-15.3188725,-41.7535577
Chapada de Minas,Santa Maria do Salto,MG,-16.2493553,-40.1484503
Chapada de Minas,Capitão Enéas,MG,-16.3236018,-43.7154584
Chapada de Minas,Conceição do Mato Dentro,MG,-19.037222,-43.425278
Chapada de Minas,Felisburgo,MG,-16.638889,-40.760556
Chapada de Minas,Jequitinhonha,MG,-16.433333,-41.003056
Chapada de Minas,Mato Verde,MG,-16.499274,-44.2279588
Chapada de Minas,Rio Pardo de Minas,MG,-15.6155637,-42.5461866
Chapada de Minas,São José da Safira,MG,-18.324167,-42.143333
Chapada de Minas,Ataléia,MG,-18.04432,-41.1110524
Chapada de Minas,Nova Belém,MG,-18.4914334,-41.1050052
Chapada de Minas,Santa Maria do Suaçuí,MG,-18.1894783,-42.4188445
Chapada de Minas,Caraí,MG,-17.1884104,-41.6976554
Chapada de Minas,Cristália,MG,-16.7179933,-42.8648107
Chapada de Minas,Francisco Badaró,MG,-16.9917524,-42.350899
Chapada de Minas,Joaíma,MG,-16.6563139,-41.0234956
Chapada de Minas,Medina,MG,-16.2270466,-41.4763373
Chapada de Minas,Rio Vermelho,MG,-18.3561079,-43.1612342
Chapada de Minas,São José do Divino,MG,-18.4794444,-41.3885671
Chapada de Minas,Bandeira,MG,-15.884444,-40.559167
Chapada de Minas,Nova Módica,MG,-18.4389859,-41.4973651
Chapada de Minas,Santana de Pirapama,MG,-19.0075,-44.040833
Chapada de Minas,Carbonita,MG,-17.5308667,-43.0136207
Chapada de Minas,Curral de Dentro,MG,-15.9332656,-41.8568896
Chapada de Minas,Francisco Sá,MG,-16.4777211,-43.4942587
Chapada de Minas,Jordânia,MG,-15.899444,-40.178889
Chapada de Minas,Mendes Pimentel,MG,-18.6611641,-41.4020716
Chapada de Minas,Rubelita,MG,-16.4067495,-42.2623615
Chapada de Minas,São José do Jacuri,MG,-18.2773091,-42.6714372
Chapada de Minas,Frei Gaspar,MG,-18.0633426,-41.4300673
Chapada de Minas,Nova Porteirinha,MG,-15.8030559,-43.3011842
Chapada de Minas,Santo Antônio do Itambé,MG,-18.4656416,-43.305993
Chapada de Minas,Carlos Chagas,MG,-21.744351,-43.3908675
Chapada de Minas,Congonhas do Norte,MG,-18.8100392,-43.6783242
Chapada de Minas,Franciscópolis,MG,-17.9594883,-42.0081094
Chapada de Minas,José Gonçalves de Minas,MG,-16.9066539,-42.6074998
Chapada de Minas,Minas Novas,MG,-17.2175833,-42.5943681
Chapada de Minas,Rubim,MG,-16.3754471,-40.5382424
Chapada de Minas,São Pedro do Suaçuí,MG,-18.365556,-42.602778
Chapada de Minas,Frei Inocêncio,MG,-18.563076,-41.9064881
Chapada de Minas,Novo Cruzeiro,MG,-19.4730937,-42.537897
Chapada de Minas,Santo Antônio do Jacinto,MG,-16.533611,-40.176111
Chapada de Minas,Berilo,MG,-16.9515764,-42.4643732
Chapada de Minas,Coroaci,MG,-18.6194369,-42.2830239
Chapada de Minas,Francisco Dumont,MG,-17.3117541,-44.2322232
Chapada de Minas,José Raydan,MG,-18.2220672,-42.4991123
Chapada de Minas,Mirabela,MG,-16.2547215,-44.1639075
Chapada de Minas,Sabinópolis,MG,-18.6656839,-43.0830439
Chapada de Minas,São Sebastião do Maranhão,MG,-18.0874457,-42.569608
Chapada de Minas,Frei Lagonegro,MG,-18.1671176,-42.7656893
Chapada de Minas,Novo Oriente de Minas,MG,-17.4153913,-41.2190225
Chapada de Minas,Santo Antônio do Retiro,MG,-15.3426419,-42.6223938
Chapada de Minas,Berizal,MG,-15.6118785,-41.7417382
Chapada de Minas,Coronel Murta,MG,-16.6165034,-42.1848073
Chapada de Minas,Jaíba,MG,-15.3373744,-43.6734439
Chapada de Minas,Josenópolis,MG,-16.5460934,-42.5140963
Chapada de Minas,Monjolos,MG,-18.3242667,-44.1187729
Chapada de Minas,Salinas,MG,-16.1699073,-42.2910368
Chapada de Minas,Sardoá,MG,-18.781716,-42.3652762
Chapada de Minas,Fronteira dos Vales,MG,-16.8915896,-40.9251061
Chapada de Minas,Novorizonte,MG,-16.0178,-42.4072
Chapada de Minas,Turmalina,MG,-17.286102,-42.7312574
Chapada de Minas,Bertópolis,MG,-17.063333,-40.573889
Chapada de Minas,Couto de Magalhães de Minas,MG,-18.073056,-43.4718628
Chapada de Minas,Jampruca,MG,-18.4613981,-41.8092299
Chapada de Minas,Juramento,MG,-16.8458291,-43.5867351
Chapada de Minas,Monte Azul,MG,-15.1531999,-42.8711742
Chapada de Minas,Salto da Divisa,MG,-15.9984236,-39.9487981
Chapada de Minas,Senador Modestino Gonçalves,MG,-17.9496602,-43.2257678
Chapada de Minas,Fruta de Leite,MG,-16.1169,-42.5278
Chapada de Minas,Olhos-d`Água,MG,-17.3988426,-43.5715884
Chapada de Minas,Umburatiba,MG,-17.2548062,-40.5708064
Chapada de Minas,Bocaiúva,MG,-17.1160208,-43.8122678
Chapada de Minas,Crisólita,MG,-17.2391664,-40.9132444
Chapada de Minas,Indaiabira,MG,-15.4914,-42.1981
Chapada de Minas,Ladainha,MG,-17.6265078,-41.7385789
Chapada de Minas,Monte Formoso,MG,-16.8669394,-41.2543539
Chapada de Minas,Santa Cruz de Salinas,MG,-16.0972405,-41.7474332
Chapada de Minas,Senhora do Porto,MG,-18.8905778,-43.0844887
Chapada de Minas,Galiléia,MG,-19.0008674,-41.5383935
Chapada de Minas,Ouro Verde de Minas,MG,-18.0687218,-41.2710619
Chapada de Minas,Verdelândia,MG,-15.5926259,-43.6084698
Matas de Minas (Indicação de Procedência),Abre Campo,MG,-20.2976097,-42.4764741
Matas de Minas (Indicação de Procedência),Carangola,MG,-20.733056,-42.029445
Matas de Minas (Indicação de Procedência),Entre Folhas,MG,-19.6258823,-42.2328975
Matas de Minas (Indicação de Procedência),Miradouro,MG,-20.890277,-42.3425
Matas de Minas (Indicação de Procedência),Piedade de Caratinga,MG,-19.7601211,-42.0767321
Matas de Minas (Indicação de Procedência),São José do Mantimento,MG,-20.003958,-41.7458061
Matas de Minas (Indicação de Procedência),São Sebastião do Anta,MG,-19.4972592,-41.983428
Matas de Minas (Indicação de Procedência),Conceição de Ipanema,MG,-19.928334,-41.693889
Matas de Minas (Indicação de Procedência),Rosário da Limeira,MG,-20.9786,-42.5119
Matas de Minas (Indicação de Procedência),Simonésia,MG,-20.1233838,-42.0024294
Matas de Minas (Indicação de Procedência),Faria Lemos,MG,-20.8051202,-42.0127393
Matas de Minas (Indicação de Procedência),Santa Bárbara do Leste,MG,-19.978334,-42.140555
Matas de Minas (Indicação de Procedência),Caiana,MG,-20.729939950000002,-41.91456567884615
Matas de Minas (Indicação de Procedência),Caratinga,MG,-19.7900887,-42.140533
Matas de Minas (Indicação de Procedência),Imbé de Minas,MG,-19.5989453,-41.9694294
Matas de Minas (Indicação de Procedência),Miraí,MG,-21.1957417,-42.6125153
Matas de Minas (Indicação de Procedência),Porto Firme,MG,-20.672778,-43.084444
Matas de Minas (Indicação de Procedência),São Domingos das Dores,MG,-19.5281943,-42.0132239
Matas de Minas (Indicação de Procedência),Vargem Alegre,MG,-19.6070413,-42.2997922
Matas de Minas (Indicação de Procedência),Ubaporanga,MG,-19.6344637,-42.1073048
Matas de Minas (Indicação de Procedência),Santa Margarida,MG,-20.3817696,-42.2522123
Matas de Minas (Indicação de Procedência),Araponga,MG,-20.666667,-42.520556
Matas de Minas (Indicação de Procedência),Fervedouro,MG,-20.7292242,-42.2785942
Matas de Minas (Indicação de Procedência),Teixeiras,MG,-20.6517875,-42.8563275
Matas de Minas (Indicação de Procedência),Cajuri,MG,-20.7901414,-42.7954489
Matas de Minas (Indicação de Procedência),Ervália,MG,-20.8400156,-42.653352
Matas de Minas (Indicação de Procedência),Inhapim,MG,-19.5501834,-42.1209879
Matas de Minas (Indicação de Procedência),Muriaé,MG,-21.130556,-42.366389
Matas de Minas (Indicação de Procedência),Raul Soares,MG,-20.102222,-42.451944
Matas de Minas (Indicação de Procedência),São Francisco do Glória,MG,-20.790069,-42.2679636
Matas de Minas (Indicação de Procedência),Vermelho Novo,MG,-20.0356065,-42.2671476
Matas de Minas (Indicação de Procedência),Paula Cândido,MG,-20.8737735,-42.9862733
Matas de Minas (Indicação de Procedência),Santa Rita de Minas,MG,-19.8745404,-42.1325122
Matas de Minas (Indicação de Procedência),Chalé,MG,-20.0419748,-41.6914563
Matas de Minas (Indicação de Procedência),Jequeri,MG,-20.453056,-42.666111
Matas de Minas (Indicação de Procedência),Tombos,MG,-20.910556,-42.026389
Matas de Minas (Indicação de Procedência),Canaã,MG,-20.685555,-42.62
Matas de Minas (Indicação de Procedência),Divino,MG,-20.6151497,-42.1474733
Matas de Minas (Indicação de Procedência),Manhuaçu,MG,-20.2574434,-42.0340769
Matas de Minas (Indicação de Procedência),Mutum,MG,-19.817223,-41.438333
Matas de Minas (Indicação de Procedência),Reduto,MG,-20.2442531,-41.9839974
Matas de Minas (Indicação de Procedência),São João do Manhuaçu,MG,-20.3938555,-42.1499705
Matas de Minas (Indicação de Procedência),Viçosa,MG,-20.7538586,-42.8815888
Matas de Minas (Indicação de Procedência),Pedra Bonita,MG,-21.5918004,-42.3531403
Matas de Minas (Indicação de Procedência),Santana do Manhuaçu,MG,-20.1075,-41.925556
Matas de Minas (Indicação de Procedência),Coimbra,MG,-20.8563255,-42.8026943
Matas de Minas (Indicação de Procedência),Lajinha,MG,-20.1520595,-41.6240623
Matas de Minas (Indicação de Procedência),Caputira,MG,-20.171945,-42.270278
Matas de Minas (Indicação de Procedência),Durandé,MG,-20.15181805,-41.80076963571429
Matas de Minas (Indicação de Procedência),Matipó,MG,-20.2896695,-42.3426599
Matas de Minas (Indicação de Procedência),Orizânia,MG,-20.5057698,-42.2087072
Matas de Minas (Indicação de Procedência),São Miguel do Anta,MG,-20.7065375,-42.7195395
Matas de Minas (Indicação de Procedência),São Sebastião da Vargem Alegre,MG,-21.0716128,-42.6371378
Matas de Minas (Indicação de Procedência),Vieiras,MG,-20.8651165,-42.2448518
Matas de Minas (Indicação de Procedência),Pedra Dourada,MG,-20.8317801,-42.1554636
Matas de Minas (Indicação de Procedência),Sericita,MG,-20.4738307,-42.4821683
Matas de Minas (Indicação de Procedência),Eugenópolis,MG,-21.0968165,-42.1850985
Matas de Minas (Indicação de Procedência),Luisburgo,MG,-20.4394,-42.1025
Montanhas de Minas,Acaiaca,MG,-20.3621646,-43.1444162
Montanhas de Minas,Casa Grande,MG,-20.7937571,-43.928693
Montanhas de Minas,Dores de Campos,MG,-21.107222,-44.0225
Montanhas de Minas,Itaverava,MG,-20.6763122,-43.6098991
Montanhas de Minas,Oratórios,MG,-20.4303,-42.8056
Montanhas de Minas,Rio Casca,MG,-20.2049635,-42.6556993
Montanhas de Minas,Amparo do Serra,MG,-20.5070255,-42.8028462
Montanhas de Minas,Chiador,MG,-22.002778,-43.057222
Montanhas de Minas,Passabém,MG,-19.3521707,-43.1374619
Montanhas de Minas,Santa Maria de Itabira,MG,-19.4483453,-43.1167817
Montanhas de Minas,Tarumirim,MG,-19.2818607,-42.0070412
Montanhas de Minas,Açucena,MG,-19.073056,-42.546666
Montanhas de Minas,Cataguases,MG,-21.387426,-42.6957219
Montanhas de Minas,Dores de Guanhães,MG,-19.0578968,-42.9292569
Montanhas de Minas,Itueta,MG,-19.3962456,-41.2263075
Montanhas de Minas,Ouro Branco,MG,-20.5230256,-43.6917329
Montanhas de Minas,São Brás do Suaçuí,MG,-20.625,-43.948889
Montanhas de Minas,Antônio Carlos,MG,-21.318334,-43.746666
Montanhas de Minas,Cipotânea,MG,-20.905278,-43.365556
Montanhas de Minas,Patrocínio do Muriaé,MG,-21.153333,-42.214444
Montanhas de Minas,Santa Rita de Ibitipoca,MG,-21.5625,-43.914722
Montanhas de Minas,Timóteo,MG,-19.5771395,-42.6436108
Montanhas de Minas,Aimorés,MG,-19.4917754,-41.0615603
Montanhas de Minas,Confins,MG,-19.6278749,-43.9912311
Montanhas de Minas,Dores do Turvo,MG,-20.975278,-43.188889
Montanhas de Minas,Jaboticatubas,MG,-19.521667,-43.745277
Montanhas de Minas,Ouro Preto,MG,-20.39609385,-43.702299520217224
Montanhas de Minas,São Domingos do Prata,MG,-19.8671078,-42.9658318
Montanhas de Minas,Antônio Dias,MG,-19.6525,-42.872778
Montanhas de Minas,Ewbank da Câmara,MG,-21.551389,-43.509722
Montanhas de Minas,Pedra do Anta,MG,-20.5962822,-42.7179792
Montanhas de Minas,Santa Rita do Itueto,MG,-19.3576722,-41.3801488
Montanhas de Minas,Tocantins,MG,-21.1738872,-43.0207206
Montanhas de Minas,Além Paraíba,MG,-21.8760576,-42.6810473
Montanhas de Minas,Congonhas,MG,-20.5015168,-43.8564586
Montanhas de Minas,Engenheiro Caldas,MG,-19.201389,-42.046944
Montanhas de Minas,Jaguaraçu,MG,-19.6471951,-42.7513291
Montanhas de Minas,Periquito,MG,-19.1559319,-42.2412259
Montanhas de Minas,São Geraldo,MG,-20.9221894,-42.8343489
Montanhas de Minas,Antônio Prado de Minas,MG,-21.0171988,-42.1101106
Montanhas de Minas,Fernandes Tourinho,MG,-19.152778,-42.083056
Montanhas de Minas,Pedro Teixeira,MG,-21.7056637,-43.7492357
Montanhas de Minas,Santana de Cataguases,MG,-21.2871462,-42.5569749
Montanhas de Minas,Tumiritinga,MG,-18.976946,-41.645851
Montanhas de Minas,Alfredo Vasconcelos,MG,-21.145833,-43.776389
Montanhas de Minas,Conselheiro Lafaiete,MG,-20.6596107,-43.785743
Montanhas de Minas,Estrela Dalva,MG,-21.741666,-42.460833
Montanhas de Minas,Mar de Espanha,MG,-21.866945,-43.01
Montanhas de Minas,Piau,MG,-21.5074738,-43.320587
Montanhas de Minas,São Gonçalo do Rio Abaixo,MG,-19.8252042,-43.362126
Montanhas de Minas,Aracitaba,MG,-21.3425,-43.378611
Montanhas de Minas,Ferros,MG,-19.234984,-43.019542
Montanhas de Minas,Pequeri,MG,-21.8369971,-43.1207799
Montanhas de Minas,Santana do Deserto,MG,-20.198951,-42.8311283
Montanhas de Minas,Ubá,MG,-21.12,-42.942777
Montanhas de Minas,Belo Oriente,MG,-19.2232523,-42.4807033
Montanhas de Minas,Conselheiro Pena,MG,-19.1720883,-41.471995
Montanhas de Minas,Guarani,MG,-21.35876,-43.0481021
Montanhas de Minas,Mariana,MG,-20.3781468,-43.4174862
Montanhas de Minas,Piedade de Ponte Nova,MG,-20.2452955,-42.7343995
Montanhas de Minas,São João do Oriente,MG,-19.3408771,-42.1550791
Montanhas de Minas,Argirita,MG,-21.612761,-42.8371922
Montanhas de Minas,Goiabeira,MG,-18.9804026,-41.224571
Montanhas de Minas,Rio Doce,MG,-20.2447972,-42.8970432
Montanhas de Minas,Santana do Paraíso,MG,-19.3652914,-42.5494833
Montanhas de Minas,Visconde do Rio Branco,MG,-21.01,-42.840833
Montanhas de Minas,Bias Fortes,MG,-21.605833,-43.756944
Montanhas de Minas,Coronel Fabriciano,MG,-19.5200067,-42.6282686
Montanhas de Minas,Guarará,MG,-21.731945,-43.037777
Montanhas de Minas,Maripá de Minas,MG,-21.6975,-42.959167
Montanhas de Minas,Pingo-d`Água,MG,-19.7284768,-42.4098217
Montanhas de Minas,São João Nepomuceno,MG,-21.5359158,-43.0151428
Montanhas de Minas,Astolfo Dutra,MG,-21.3132636,-42.8624102
Montanhas de Minas,Goianá,MG,-21.5375,-43.2014
Montanhas de Minas,Rio Espera,MG,-20.9060615,-43.3764832
Montanhas de Minas,Santana do Riacho,MG,-19.168611,-43.714444
Montanhas de Minas,Volta Grande,MG,-21.770834,-42.539166
Montanhas de Minas,Bicas,MG,-21.7213723,-43.0604327
Montanhas de Minas,Coronel Pacheco,MG,-21.5878865,-43.2615975
Montanhas de Minas,Guidoval,MG,-21.1514477,-42.7997151
Montanhas de Minas,Marliéria,MG,-19.711867,-42.7343059
Montanhas de Minas,Piranga,MG,-20.685,-43.3
Montanhas de Minas,São José da Lapa,MG,-19.6988548,-43.9583194
Montanhas de Minas,Baldim,MG,-19.2913568,-43.9558262
Montanhas de Minas,Guaraciaba,MG,-20.5718037,-43.0057078
Montanhas de Minas,Rio Novo,MG,-21.4753189,-43.1250813
Montanhas de Minas,Santana dos Montes,MG,-20.7875735,-43.6910376
Montanhas de Minas,Bom Jesus do Amparo,MG,-19.7045132,-43.4752911
Montanhas de Minas,Córrego Novo,MG,-19.832223,-42.395833
Montanhas de Minas,Guiricema,MG,-21.0086064,-42.7190891
Montanhas de Minas,Matias Barbosa,MG,-21.8691643,-43.3180624
Montanhas de Minas,Pirapetinga,MG,-21.656903,-42.345955
Montanhas de Minas,São José do Goiabal,MG,-19.925098,-42.7083162
Montanhas de Minas,Barão de Cocais,MG,-19.9452437,-43.4870298
Montanhas de Minas,Jequitibá,MG,-19.2361583,-44.03063
Montanhas de Minas,Rio Piracicaba,MG,-19.982333,-43.2322858
Montanhas de Minas,Santo Antônio do Aventureiro,MG,-21.7579052,-42.815566
Montanhas de Minas,Bom Jesus do Galho,MG,-19.8283191,-42.3162256
Montanhas de Minas,Cristiano Otoni,MG,-20.8324096,-43.8053057
Montanhas de Minas,Iapu,MG,-19.436389,-42.217223
Montanhas de Minas,Mercês,MG,-21.1947265,-43.3407272
Montanhas de Minas,Piraúba,MG,-21.276945,-43.025834
Montanhas de Minas,São Pedro dos Ferros,MG,-20.1706687,-42.522901
Montanhas de Minas,Barão de Monte Alto,MG,-21.244722,-42.2375
Montanhas de Minas,Joanésia,MG,-19.1756282,-42.6815534
Montanhas de Minas,Rio Pomba,MG,-21.275,-43.178889
Montanhas de Minas,Santo Antônio do Grama,MG,-20.314444,-42.608611
Montanhas de Minas,Brás Pires,MG,-20.8483109,-43.2430524
Montanhas de Minas,Cuparaque,MG,-18.9697,-41.0986
Montanhas de Minas,Ibertioga,MG,-21.431111,-43.966111
Montanhas de Minas,Mesquita,MG,-19.221667,-42.607222
Montanhas de Minas,Pocrane,MG,-19.6192747,-41.6365314
Montanhas de Minas,São Sebastião do Rio Preto,MG,-19.2923414,-43.1758535
Montanhas de Minas,Barbacena,MG,-21.2254524,-43.7735087
Montanhas de Minas,João Monlevade,MG,-19.809444,-43.173334
Montanhas de Minas,Rio Preto,MG,-16.535859,-46.696753
Montanhas de Minas,Santo Antônio do Rio Abaixo,MG,-19.2280364,-43.2532149
Montanhas de Minas,Braúnas,MG,-19.055556,-42.716111
Montanhas de Minas,Descoberto,MG,-21.459444,-42.967223
Montanhas de Minas,Ipaba,MG,-19.411389,-42.42
Montanhas de Minas,Moeda,MG,-20.333056,-44.0525
Montanhas de Minas,Ponte Nova,MG,-20.4164353,-42.90878
Montanhas de Minas,Sem-Peixe,MG,-20.1015407,-42.8408301
Montanhas de Minas,Barra Longa,MG,-20.2833541,-43.0423516
Montanhas de Minas,Juiz de Fora,MG,-21.7609533,-43.3501129
Montanhas de Minas,Rochedo de Minas,MG,-21.6295358,-43.0195125
Montanhas de Minas,Santos Dumont,MG,-21.455867,-43.5522107
Montanhas de Minas,Bugre,MG,-19.4257687,-42.2556
Montanhas de Minas,Desterro do Melo,MG,-21.1460033,-43.518329
Montanhas de Minas,Ipanema,MG,-19.7999954,-41.7138807
Montanhas de Minas,Morro do Pilar,MG,-19.216389,-43.376667
Montanhas de Minas,Presidente Bernardes,MG,-20.7685467,-43.1877237
Montanhas de Minas,Senador Cortes,MG,-21.8013453,-42.945154
Montanhas de Minas,Barroso,MG,-21.187137,-43.9771259
Montanhas de Minas,Lagoa Santa,MG,-19.6357376,-43.8966132
Montanhas de Minas,Rodeiro,MG,-21.200278,-42.865
Montanhas de Minas,Senhora de Oliveira,MG,-20.793889,-43.344166
Montanhas de Minas,Caeté,MG,-19.897777,-43.670278
Montanhas de Minas,Diogo de Vasconcelos,MG,-20.4868723,-43.1984645
Montanhas de Minas,Ipatinga,MG,-19.4777807,-42.5270802
Montanhas de Minas,Naque,MG,-19.2271271,-42.3280185
Montanhas de Minas,Queluzito,MG,-20.739722,-43.884444
Montanhas de Minas,Senador Firmino,MG,-20.9169703,-43.1001236
Montanhas de Minas,Bela Vista de Minas,MG,-19.8289721,-43.0973688
Montanhas de Minas,Lamim,MG,-20.7905386,-43.4733218
Montanhas de Minas,Sabará,MG,-19.8900372,-43.8107916
Montanhas de Minas,Senhora dos Remédios,MG,-21.028056,-43.582778
Montanhas de Minas,Capela Nova,MG,-20.9236773,-43.6179487
Montanhas de Minas,Dionísio,MG,-19.841944,-42.776945
Montanhas de Minas,Itabira,MG,-19.6186264,-43.2267011
Montanhas de Minas,Nova Era,MG,-20.7426124,-42.8807584
Montanhas de Minas,Raposos,MG,-19.967223,-43.804167
Montanhas de Minas,Urucânia,MG,-20.350833,-42.739444
Montanhas de Minas,Belmiro Braga,MG,-21.9486291,-43.413564
Montanhas de Minas,Laranjal,MG,-21.365278,-42.477778
Montanhas de Minas,Santa Bárbara,MG,-19.959444,-43.415278
Montanhas de Minas,Silveirânia,MG,-21.158611,-43.215556
Montanhas de Minas,Capitão Andrade,MG,-19.0675,-41.859722
Montanhas de Minas,Divinésia,MG,-20.990277,-43.003889
Montanhas de Minas,Itabirito,MG,-20.2519724,-43.8029171
Montanhas de Minas,Nova Lima,MG,-19.9854089,-43.8470691
Montanhas de Minas,Recreio,MG,-21.5248205,-42.4689256
Montanhas de Minas,Vespasiano,MG,-19.6940958,-43.9186521
Montanhas de Minas,Belo Horizonte,MG,-19.9227318,-43.9450948
Montanhas de Minas,Leopoldina,MG,-21.5314282,-42.6403534
Montanhas de Minas,Santa Bárbara do Monte Verde,MG,-21.9578146,-43.7024953
Montanhas de Minas,Simão Pereira,MG,-21.963611,-43.311667
Montanhas de Minas,Caranaíba,MG,-20.8736914,-43.7379458
Montanhas de Minas,Dom Cavati,MG,-19.3744152,-42.1067301
Montanhas de Minas,Itamarati de Minas,MG,-21.415833,-42.817778
Montanhas de Minas,Nova União,MG,-19.6901893,-43.580107
Montanhas de Minas,Resplendor,MG,-19.3254413,-41.2554622
Montanhas de Minas,Alto Rio Doce,MG,-21.0239537,-43.4133507
Montanhas de Minas,Catas Altas,MG,-20.0748989,-43.4078304
Montanhas de Minas,Lima Duarte,MG,-21.842777,-43.792777
Montanhas de Minas,Santa Bárbara do Tugúrio,MG,-21.245833,-43.559444
Montanhas de Minas,Sobrália,MG,-19.2345745,-42.0978033
Montanhas de Minas,Carandaí,MG,-20.9523934,-43.8043903
Montanhas de Minas,Dom Silvério,MG,-20.1631352,-42.9666824
Montanhas de Minas,Itambé do Mato Dentro,MG,-19.4144399,-43.3223059
Montanhas de Minas,Olaria,MG,-21.8607194,-43.9370942
Montanhas de Minas,Ressaquinha,MG,-21.063056,-43.762778
Montanhas de Minas,Alvarenga,MG,-19.4175,-41.728334
Montanhas de Minas,Catas Altas da Noruega,MG,-20.690277,-43.4975
Montanhas de Minas,Paiva,MG,-21.289441,-43.4175347
Montanhas de Minas,Santa Cruz do Escalvado,MG,-20.2355745,-42.8142315
Montanhas de Minas,Taparuba,MG,-19.7621023,-41.614796
Montanhas de Minas,Carmésia,MG,-19.0854535,-43.1392003
Montanhas de Minas,Dona Eusébia,MG,-21.316667,-42.810556
Montanhas de Minas,Itanhomi,MG,-19.171111,-41.864167
Montanhas de Minas,Oliveira Fortes,MG,-21.3391156,-43.4577139
Montanhas de Minas,Rio Acima,MG,-20.0875,-43.789166
Montanhas de Minas,Alvinópolis,MG,-20.1105199,-43.0601805
Montanhas de Minas,Chácara,MG,-21.6727567,-43.2206851
Montanhas de Minas,Palma,MG,-21.3753167,-42.3175405
Montanhas de Minas,Santa Luzia,MG,-19.7702097,-43.8505291
Montanhas de Minas,Taquaraçu de Minas,MG,-19.669445,-43.687777
Norte e Noroeste de Minas,Água Comprida,MG,-20.0574733,-48.1093074
Norte e Noroeste de Minas,Comendador Gomes,MG,-19.671348549999998,-49.07179827924165
Norte e Noroeste de Minas,Centralina,MG,-18.5843349,-49.1954739
Norte e Noroeste de Minas,Campo Florido,MG,-19.7142494,-48.65044028846154
Norte e Noroeste de Minas,Conceição das Alagoas,MG,-19.9194009,-48.3803414
Norte e Noroeste de Minas,Delta,MG,-19.9769,-47.7711
Norte e Noroeste de Minas,Dores do Indaiá,MG,-19.4636451,-45.60166
Norte e Noroeste de Minas,Lagoa da Prata,MG,-20.022778,-45.5440462
Norte e Noroeste de Minas,Lagoa Grande,MG,-18.6002698,-46.5200751
Norte e Noroeste de Minas,Prata,MG,-19.307222,-48.923889
Norte e Noroeste de Minas,São Francisco de Sales,MG,-19.863056,-49.773889
Norte e Noroeste de Minas,Abaeté,MG,-19.1566833,-45.4481213
Norte e Noroeste de Minas,Capinópolis,MG,-18.682778,-49.569723
Norte e Noroeste de Minas,Cedro do Abaeté,MG,-19.148333,-45.711389
Norte e Noroeste de Minas,Brasilândia de Minas,MG,-17.0096469,-46.0087183
Norte e Noroeste de Minas,Frutal,MG,-20.0220064,-48.9280076
Norte e Noroeste de Minas,Estrela do Indaiá,MG,-19.5225,-45.7875
Norte e Noroeste de Minas,Itapagipe,MG,-19.9033884,-49.3666934
Norte e Noroeste de Minas,Luz,MG,-19.7871171,-45.6846736
Norte e Noroeste de Minas,Planura,MG,-20.1368583,-48.7066819
Norte e Noroeste de Minas,Quartel Geral,MG,-19.2730674,-45.5570007
Cerrado Mineiro (Denominação de Origem),Abadia dos Dourados,MG,-18.3735,-47.48550892857143
Cerrado Mineiro (Denominação de Origem),Buritis,MG,-15.621389,-46.423889
Cerrado Mineiro (Denominação de Origem),Cascalho Rico,MG,-18.579344,-47.875774
Cerrado Mineiro (Denominação de Origem),Douradoquara,MG,-18.44383885,-47.60866756600204
Cerrado Mineiro (Denominação de Origem),Ibiá,MG,-19.4771843,-46.5386956
Cerrado Mineiro (Denominação de Origem),Lagoa Formosa,MG,-18.7741896,-46.4082511
Cerrado Mineiro (Denominação de Origem),Medeiros,MG,-19.9954552,-46.2210801
Cerrado Mineiro (Denominação de Origem),Patos de Minas,MG,-18.6041453,-46.5096698
Cerrado Mineiro (Denominação de Origem),Sacramento,MG,-19.8652854,-47.4402746
Cerrado Mineiro (Denominação de Origem),Serra do Salitre,MG,-19.1101839,-46.6809858
Cerrado Mineiro (Denominação de Origem),Uberlândia,MG,-18.9188041,-48.2767837
Cerrado Mineiro (Denominação de Origem),Araguari,MG,-18.6511256,-48.1933764
Cerrado Mineiro (Denominação de Origem),Buritizeiro,MG,-17.3667765,-44.9647781
Cerrado Mineiro (Denominação de Origem),Conquista,MG,-19.936944,-47.543055
Cerrado Mineiro (Denominação de Origem),Estrela do Sul,MG,-18.7420499,-47.6900736
Cerrado Mineiro (Denominação de Origem),Indianópolis,MG,-19.0391972,-47.9178436
Cerrado Mineiro (Denominação de Origem),Patrocínio,MG,-18.9408294,-46.9926624
Cerrado Mineiro (Denominação de Origem),Monte Alegre de Minas,MG,-18.870278,-48.880556
Cerrado Mineiro (Denominação de Origem),Pratinha,MG,-19.7530422,-46.3824103
Cerrado Mineiro (Denominação de Origem),Santa Juliana,MG,-19.308611,-47.525
Cerrado Mineiro (Denominação de Origem),Tapira,MG,-19.9225,-46.823056
Cerrado Mineiro (Denominação de Origem),Unaí,MG,-16.3628767,-46.892413
Cerrado Mineiro (Denominação de Origem),Arapuá,MG,-19.034444,-46.155556
Cerrado Mineiro (Denominação de Origem),Campos Altos,MG,-19.696389,-46.171389
Cerrado Mineiro (Denominação de Origem),Coromandel,MG,-18.473889,-47.200278
Cerrado Mineiro (Denominação de Origem),Grupiara,MG,-18.492777,-47.7225
Cerrado Mineiro (Denominação de Origem),Iraí de Minas,MG,-18.9865339,-47.4642202
Cerrado Mineiro (Denominação de Origem),Pedrinópolis,MG,-19.2275,-47.461944
Cerrado Mineiro (Denominação de Origem),Monte Carmelo,MG,-18.7260939,-47.4958859
Cerrado Mineiro (Denominação de Origem),Presidente Olegário,MG,-18.415,-46.419723
Cerrado Mineiro (Denominação de Origem),Santa Rosa da Serra,MG,-19.5271986,-45.9659869
Cerrado Mineiro (Denominação de Origem),Tiros,MG,-19.003889,-45.963611
Cerrado Mineiro (Denominação de Origem),Varjão de Minas,MG,-18.3791473,-46.030627
Cerrado Mineiro (Denominação de Origem),Araxá,MG,-19.5928536,-46.940241
Cerrado Mineiro (Denominação de Origem),Canápolis,MG,-18.7228793,-49.2016329
Cerrado Mineiro (Denominação de Origem),Córrego Danta,MG,-19.823889,-45.904167
Cerrado Mineiro (Denominação de Origem),Guarda-Mor,MG,-17.7698233,-47.0986827
Cerrado Mineiro (Denominação de Origem),João Pinheiro,MG,-17.742777,-46.175278
Cerrado Mineiro (Denominação de Origem),Perdizes,MG,-19.3503361,-47.2938235
Cerrado Mineiro (Denominação de Origem),Nova Ponte,MG,-19.1692213,-47.6717642
Cerrado Mineiro (Denominação de Origem),Rio Paranaíba,MG,-19.196447,-46.2410263
Cerrado Mineiro (Denominação de Origem),São Gonçalo do Abaeté,MG,-18.3420302,-45.834112
Cerrado Mineiro (Denominação de Origem),Tupaciguara,MG,-18.5932122,-48.6999014
Cerrado Mineiro (Denominação de Origem),Vazante,MG,-17.9896107,-46.9003899
Cerrado Mineiro (Denominação de Origem),Bonfinópolis de Minas,MG,-16.5660011,-45.98645
Cerrado Mineiro (Denominação de Origem),Carmo do Paranaíba,MG,-18.9992327,-46.306916
Cerrado Mineiro (Denominação de Origem),Cruzeiro da Fortaleza,MG,-18.9461873,-46.6738005
Cerrado Mineiro (Denominação de Origem),Guimarânia,MG,-18.8442251,-46.7925141
Cerrado Mineiro (Denominação de Origem),Lagamar,MG,-18.02812075,-46.71827144716544
Cerrado Mineiro (Denominação de Origem),Matutina,MG,-19.221956,-45.9701654
Cerrado Mineiro (Denominação de Origem),Paracatu,MG,-17.2174056,-46.8707514
Cerrado Mineiro (Denominação de Origem),Romaria,MG,-18.8823522,-47.5854354
Cerrado Mineiro (Denominação de Origem),São Gotardo,MG,-19.3168844,-46.0476596
Cerrado Mineiro (Denominação de Origem),Uberaba,MG,-19.750833,-47.936666
Cerrado Mineiro (Denominação de Origem),Bambuí,MG,-20.0131996,-45.9777034
Campo das Vertentes (Indicação de Procedência),São Francisco de Paula,MG,-20.7098288,-44.9817485
Campo das Vertentes (Indicação de Procedência),Bom Sucesso,MG,-21.0323516,-44.7598082
Campo das Vertentes (Indicação de Procedência),Oliveira,MG,-20.6971953,-44.8273969
Campo das Vertentes (Indicação de Procedência),Perdões,MG,-21.0919737,-45.0903543
Campo das Vertentes (Indicação de Procedência),Ritápolis,MG,-21.0250052,-44.3186566
Campo das Vertentes (Indicação de Procedência),Santana do Jacaré,MG,-20.9023708,-45.1274193
Campo das Vertentes (Indicação de Procedência),São Tiago,MG,-20.913056,-44.509167
Campo das Vertentes (Indicação de Procedência),Camacho,MG,-20.625556,-45.156667
Campo das Vertentes (Indicação de Procedência),Campo Belo,MG,-20.8975,-45.277223
Campo das Vertentes (Indicação de Procedência),Cana Verde,MG,-21.021308,-45.1817881
Campo das Vertentes (Indicação de Procedência),Candeias,MG,-20.7676161,-45.2763777
Campo das Vertentes (Indicação de Procedência),Carmo da Mata,MG,-20.558334,-44.8703774
Campo das Vertentes (Indicação de Procedência),Conceição da Barra de Minas,MG,-21.128889,-44.472223
Campo das Vertentes (Indicação de Procedência),Ibituruna,MG,-21.1515725,-44.7474347
Campo das Vertentes (Indicação de Procedência),Nazareno,MG,-21.2189807,-44.6151354
Campo das Vertentes (Indicação de Procedência),Santo Antônio do Amparo,MG,-20.9413389,-44.9187397
Campo das Vertentes (Indicação de Procedência),São João del Rei,MG,-21.1335755,-44.2588086
Alta Mogiana (Indicação de Procedência),Cássia dos Coqueiros,SP,-21.280082,-47.164327
Alta Mogiana (Indicação de Procedência),Altinópolis,SP,-21.021364,-47.3712
Alta Mogiana (Indicação de Procedência),Batatais,SP,-20.892867,-47.592149
Alta Mogiana (Indicação de Procedência),Buritizal,SP,-20.1933264,-47.7097165
Alta Mogiana (Indicação de Procedência),Cajuru,SP,-21.2759978,-47.3046035
Alta Mogiana (Indicação de Procedência),Cristais Paulista,SP,-20.403569,-47.420915
Alta Mogiana (Indicação de Procedência),Franca,SP,-20.5381768,-47.4009795
Alta Mogiana (Indicação de Procedência),Itirapuã,SP,-20.6406814,-47.2193817
Alta Mogiana (Indicação de Procedência),Jeriquara,SP,-20.3104773,-47.5915669
Alta Mogiana (Indicação de Procedência),Nuporanga,SP,-20.730877,-47.7522561
Alta Mogiana (Indicação de Procedência),Patrocínio Paulista,SP,-20.6383609,-47.2801241
Alta Mogiana (Indicação de Procedência),Pedregulho,SP,-20.25071,-47.4808786
Alta Mogiana (Indicação de Procedência),Restinga,SP,-20.605593,-47.483254
Alta Mogiana (Indicação de Procedência),Ribeirão Corrente,SP,-20.457872,-47.590394
Alta Mogiana (Indicação de Procedência),Santo Antônio da Alegria,SP,-21.0893048,-47.1523426
Alta Mogiana (Indicação de Procedência),São José da Bela Vista,SP,-20.5934194,-47.6416942
Alta Mogiana,Cássia dos Coqueiros,SP,-21.280082,-47.164327
Alta Mogiana,Altinópolis,SP,-21.021364,-47.3712
Alta Mogiana,Batatais,SP,-20.892867,-47.592149
Alta Mogiana,Buritizal,SP,-20.1933264,-47.7097165
Alta Mogiana,Cajuru,SP,-21.2759978,-47.3046035
Alta Mogiana,Cristais Paulista,SP,-20.403569,-47.420915
Alta Mogiana,Franca,SP,-20.5381768,-47.4009795
Alta Mogiana,Itirapuã,SP,-20.6406814,-47.2193817
Alta Mogiana,Jeriquara,SP,-20.3104773,-47.5915669
Alta Mogiana,Nuporanga,SP,-20.730877,-47.7522561
Alta Mogiana,Patrocínio Paulista,SP,-20.6383609,-47.2801241
Alta Mogiana,Pedregulho,SP,-20.25071,-47.4808786
Alta Mogiana,Restinga,SP,-20.605593,-47.483254
Alta Mogiana,Ribeirão Corrente,SP,-20.457872,-47.590394
Alta Mogiana,Santo Antônio da Alegria,SP,-21.0893048,-47.1523426
Alta Mogiana,São José da Bela Vista,SP,-20.5934194,-47.6416942
Média Mogiana,Bom Jesus dos Perdões,SP,-23.1353864,-46.4648052
Média Mogiana,Holambra,SP,-22.6332028,-47.0545305
Média Mogiana,Pedra Bela,SP,-22.7950193,-46.4431811
Média Mogiana,Serra Negra,SP,-22.61222,-46.70056
Média Mogiana,Artur Nogueira,SP,-22.572737,-47.172679
Média Mogiana,Conchal,SP,-22.337512,-47.172927
Média Mogiana,Itatiba,SP,-22.9965861,-46.8412042
Média Mogiana,Mogi Mirim,SP,-22.433009,-46.9581629
Média Mogiana,Nazaré Paulista,SP,-23.1819309,-46.3992986
Média Mogiana,Piracaia,SP,-23.052545,-46.359374
Média Mogiana,Socorro,SP,-22.5902619,-46.5249112
Média Mogiana,Tuiuti,SP,-22.819324,-46.6937627
Média Mogiana,Bragança Paulista,SP,-22.9520235,-46.5418586
Média Mogiana,Lindóia,SP,-22.523056,-46.65
Média Mogiana,Santa Cruz das Palmeiras,SP,-21.823475,-47.248023
Média Mogiana,Águas de Lindóia,SP,-22.4718855,-46.6291034
Média Mogiana,Atibaia,SP,-23.1177393,-46.5547861
Média Mogiana,Divinolândia,SP,-21.6604584,-46.7371151
Média Mogiana,Jaguariúna,SP,-22.70374,-46.985062
Média Mogiana,Monte Alegre do Sul,SP,-22.681861,-46.6798783
Média Mogiana,Pedreira,SP,-22.741347,-46.894846
Média Mogiana,São José do Rio Pardo,SP,-21.595288,-46.887303
Média Mogiana,Tambaú,SP,-21.70292,-47.270344
Média Mogiana,Vargem Grande do Sul,SP,-21.832194,-46.891286
Média Mogiana,Caconde,SP,-21.5281123,-46.6434015
Média Mogiana,Mococa,SP,-21.464731,-47.002405
Média Mogiana,Santo Antônio de Posse,SP,-22.6054087,-46.9210727
Média Mogiana,Amparo,SP,-22.70111,-46.76444
Média Mogiana,Casa Branca,SP,-21.7743137,-47.0852175
Média Mogiana,Engenheiro Coelho,SP,-22.4896659,-47.2119005
Média Mogiana,Joanópolis,SP,-22.930004,-46.275208
Média Mogiana,Morungaba,SP,-22.88,-46.79167
Média Mogiana,Pinhalzinho,SP,-22.7824349,-46.5901718
Média Mogiana,São Sebastião da Grama,SP,-21.7118854,-46.8284162
Média Mogiana,Tapiratiba,SP,-21.46824,-46.7493221
Média Mogiana,Vargem,SP,-22.8902379,-46.4145366
Marília e Garça,Álvaro de Carvalho,SP,-22.0787992,-49.7194861
Marília e Garça,Alvinlândia,SP,-22.4431852,-49.7643596
Marília e Garça,Echaporã,SP,-22.4325855,-50.2037693
Marília e Garça,Fernão,SP,-22.3595388,-49.5209504
Marília e Garça,Gália,SP,-22.2936976,-49.5516228
Marília e Garça,Garça,SP,-22.2125766,-49.6547994
Marília e Garça,Herculândia,SP,-22.004508,-50.3862746
Marília e Garça,Lupércio,SP,-22.4145801,-49.8183516
Marília e Garça,Marília,SP,-22.217108,-49.95006
Marília e Garça,Ocauçu,SP,-22.4396255,-49.9226712
Marília e Garça,Oscar Bressane,SP,-22.314874,-50.281118
Marília e Garça,Pompéia,SP,-22.1088293,-50.1720753
Marília e Garça,Quintana,SP,-22.0705513,-50.308652
Marília e Garça,Vera Cruz,SP,-22.2212638,-49.8243021
Ourinhos e Avaré,Águas de Santa Bárbara,SP,-22.8821912,-49.2383956
Ourinhos e Avaré,Areiópolis,SP,-22.6758064,-48.6673653
Ourinhos e Avaré,Bernardino de Campos,SP,-23.0140216,-49.4760724
Ourinhos e Avaré,Canitar,SP,-23.0066616,-49.7840632
Ourinhos e Avaré,Chavantes,SP,-23.0406405,-49.7071698
Ourinhos e Avaré,Iaras,SP,-22.8742567,-49.1593923
Ourinhos e Avaré,Itatinga,SP,-23.1042417,-48.6134874
Ourinhos e Avaré,Óleo,SP,-22.9422754,-49.3408082
Ourinhos e Avaré,Piraju,SP,-23.1897822,-49.3840493
Ourinhos e Avaré,Santa Cruz do Rio Pardo,SP,-22.9060715,-49.6277378
Ourinhos e Avaré,Sarutaiá,SP,-23.2747217,-49.477186
Ourinhos e Avaré,Timburi,SP,-23.2064076,-49.6045576
Ourinhos e Avaré,Fartura,SP,-23.390039,-49.5109023
Ourinhos e Avaré,Arandu,SP,-23.1345103,-49.0545651
Ourinhos e Avaré,Avaré,SP,-23.1045215,-48.9259103
Ourinhos e Avaré,Botucatu,SP,-22.8879628,-48.4410712
Ourinhos e Avaré,Cerqueira César,SP,-23.0353135,-49.1650519
Ourinhos e Avaré,Espírito Santo do Turvo,SP,-22.6939723,-49.4295067
Ourinhos e Avaré,Ipaussu,SP,-23.0544285,-49.6264306
Ourinhos e Avaré,Manduri,SP,-23.0059018,-49.317191
Ourinhos e Avaré,Pardinho,SP,-23.0806795,-48.3768158
Ourinhos e Avaré,Pratânia,SP,-22.809027,-48.6656779
Ourinhos e Avaré,São Manuel,SP,-22.732081,-48.572316
Ourinhos e Avaré,Taguaí,SP,-23.4534312,-49.4054454
Ourinhos e Avaré,Tejupá,SP,-23.3437238,-49.3772468
Região de Pinhal (Indicação de Procedência),Itapira,SP,-22.436111,-46.821667
Região de Pinhal (Indicação de Procedência),Mogi Guaçu,SP,-22.372222,-46.9425
Região de Pinhal (Indicação de Procedência),Santo Antônio do Jardim,SP,-22.1158536,-46.6839541
Região de Pinhal (Indicação de Procedência),São João da Boa Vista,SP,-21.9778137,-46.7881722
Região de Pinhal (Indicação de Procedência),Espírito Santo do Pinhal,SP,-22.190871,-46.74767
Região de Pinhal (Indicação de Procedência),Aguaí,SP,-22.0592036,-46.979384
Região de Pinhal (Indicação de Procedência),Águas da Prata,SP,-21.9464285,-46.7192121
Região de Pinhal (Indicação de Procedência),Estiva Gerbi,SP,-22.2742719,-46.9523302
A. Chapada Diamantina,Abaíra,BA,-13.2503296,-41.6640342
A. Chapada Diamantina,Barra da Estiva,BA,-13.6269662,-41.3278287
A. Chapada Diamantina,Bonito,BA,-11.9665473,-41.2649896
A. Chapada Diamantina,Ibitiara,BA,-12.6493766,-42.2172476
A. Chapada Diamantina,Iraquara,BA,-12.2439075,-41.6169181
A. Chapada Diamantina,Jussiape,BA,-13.517671,-41.5918853
A. Chapada Diamantina,Marcionílio Souza,BA,-13.0024332,-40.5317476
A. Chapada Diamantina,Mucugê,BA,-13.0053,-41.370271
A. Chapada Diamantina,Novo Horizonte,BA,-12.8085637,-42.1674812
A. Chapada Diamantina,Piatã,BA,-13.1535638,-41.7743761
A. Chapada Diamantina,Seabra,BA,-12.4172071,-41.772051
A. Chapada Diamantina,Utinga,BA,-12.0781018,-41.090787
A. Chapada Diamantina,Andaraí,BA,-12.8059674,-41.3322919
A. Chapada Diamantina,Boninal,BA,-12.7095183,-41.8299984
A. Chapada Diamantina,Ibicoara,BA,-13.413079,-41.285121
A. Chapada Diamantina,Iramaia,BA,-13.2937451,-40.9576036
A. Chapada Diamantina,Itaeté,BA,-12.9794728,-40.9661685
A. Chapada Diamantina,Lençóis,BA,-12.5634288,-41.3901717
A. Chapada Diamantina,Morro do Chapéu,BA,-11.5500293,-41.1570248
A. Chapada Diamantina,Nova Redenção,BA,-12.817268,-41.0709301
A. Chapada Diamantina,Palmeiras,BA,-12.5151234,-41.5746054
A. Chapada Diamantina,Rio de Contas,BA,-13.5803333,-41.8112152
A. Chapada Diamantina,Souto Soares,BA,-12.0878456,-41.6495346
A. Chapada Diamantina,Wagner,BA,-12.2818593,-41.1686734
B. Planalto de Vitória da Conquista,Anagé,BA,-14.6134669,-41.1376308
B. Planalto de Vitória da Conquista,Barra do Choça,BA,-14.8638173,-40.5761637
B. Planalto de Vitória da Conquista,Caetanos,BA,-14.3387456,-40.9085971
B. Planalto de Vitória da Conquista,Caraíbas,BA,-14.72496,-41.2566163
B. Planalto de Vitória da Conquista,Licínio de Almeida,BA,-14.684215,-42.509527
B. Planalto de Vitória da Conquista,Mirante,BA,-14.2401367,-40.7661915
B. Planalto de Vitória da Conquista,Piripá,BA,-14.9419863,-41.7149815
B. Planalto de Vitória da Conquista,Ribeirão do Largo,BA,-15.4588477,-40.7411582
B. Planalto de Vitória da Conquista,Vitória da Conquista,BA,-14.8567487,-40.8414804
B. Planalto de Vitória da Conquista,Condeúba,BA,-14.902227,-41.971829
B. Planalto de Vitória da Conquista,Encruzilhada,BA,-15.5322113,-40.9072488
B. Planalto de Vitória da Conquista,Poções,BA,-14.5274879,-40.3665326
B. Planalto de Vitória da Conquista,Aracatu,BA,-14.4274236,-41.4604105
B. Planalto de Vitória da Conquista,Belo Campo,BA,-15.0338286,-41.2585109
B. Planalto de Vitória da Conquista,Cândido Sales,BA,-15.5037649,-41.2391141
B. Planalto de Vitória da Conquista,Jacaraci,BA,-14.8457532,-42.4328959
B. Planalto de Vitória da Conquista,Maetinga,BA,-14.6627814,-41.4914419
B. Planalto de Vitória da Conquista,Mortugaba,BA,-15.0232826,-42.3695423
B. Planalto de Vitória da Conquista,Planalto,BA,-14.6689214,-40.481006
B. Planalto de Vitória da Conquista,Tremedal,BA,-14.9772387,-41.4110979
B. Planalto de Vitória da Conquista,Bom Jesus da Serra,BA,-14.37483,-40.5057687
B. Planalto de Vitória da Conquista,Cordeiros,BA,-15.0397219,-41.9314228
B. Planalto de Vitória da Conquista,Guajeru,BA,-14.5464079,-41.9379047
B. Planalto de Vitória da Conquista,Presidente Jânio Quadros,BA,-14.685696,-41.6770097
C. Serrana de Itiruçu/Brejões,Amargosa,BA,-13.0302189,-39.6040692
C. Serrana de Itiruçu/Brejões,Cravolândia,BA,-13.3576247,-39.8153954
C. Serrana de Itiruçu/Brejões,Irajuba,BA,-13.2525307,-40.0842042
C. Serrana de Itiruçu/Brejões,Itiruçu,BA,-13.5338389,-40.1502444
C. Serrana de Itiruçu/Brejões,Jiquiriçá,BA,-13.255353,-39.5693044
C. Serrana de Itiruçu/Brejões,Lajedo do Tabocal,BA,-13.49316205,-40.280873456110434
C. Serrana de Itiruçu/Brejões,Santa Inês,BA,-13.2897697,-39.8179701
C. Serrana de Itiruçu/Brejões,Ubaíra,BA,-13.2616682,-39.6612866
C. Serrana de Itiruçu/Brejões,Milagres,BA,-12.864635,-39.861092
C. Serrana de Itiruçu/Brejões,Nova Itarana,BA,-13.0280762,-40.0678848
C. Serrana de Itiruçu/Brejões,Brejões,BA,-13.1033754,-39.7909837
C. Serrana de Itiruçu/Brejões,Elísio Medrado,BA,-12.9469824,-39.520431
C. Serrana de Itiruçu/Brejões,Itaquara,BA,-13.4464331,-39.9384891
C. Serrana de Itiruçu/Brejões,Jaguaquara,BA,-13.5294974,-39.9693081
C. Serrana de Itiruçu/Brejões,Lafaiete Coutinho,BA,-13.6557671,-40.2121188
C. Serrana de Itiruçu/Brejões,Laje,BA,-13.1809956,-39.4222968
C. Serrana de Itiruçu/Brejões,São Miguel das Matas,BA,-13.047749,-39.4554608
C. Serrana de Itiruçu/Brejões,Maracás,BA,-13.4408898,-40.433052
C. Serrana de Itiruçu/Brejões,Mutuípe,BA,-13.2282298,-39.5060149
C. Serrana de Itiruçu/Brejões,Planaltino,BA,-13.2600789,-40.3692123
Oeste da Bahia (Indicação de Procedência),Barreiras,BA,-12.1440031,-44.9967406
Oeste da Bahia (Indicação de Procedência),Baianópolis,BA,-12.3067564,-44.5383591
Oeste da Bahia (Indicação de Procedência),Catolândia,BA,-12.315088,-44.8616434
Oeste da Bahia (Indicação de Procedência),Correntina,BA,-13.344157,-44.6345066
Oeste da Bahia (Indicação de Procedência),Cocos,BA,-14.1811222,-44.5382117
Oeste da Bahia (Indicação de Procedência),Luís Eduardo Magalhães,BA,-12.0869117,-45.7834163
Oeste da Bahia (Indicação de Procedência),Jaborandi,BA,-13.6203918,-44.4693394
Oeste da Bahia (Indicação de Procedência),Riachão das Neves,BA,-11.7481049,-44.9109851
Oeste da Bahia (Indicação de Procedência),São Desidério,BA,-12.357196,-44.976881
Oeste da Bahia (Indicação de Procedência),Formosa do Rio Preto,BA,-11.0414544,-45.1903983
Oeste da Bahia (Indicação de Procedência),Santa Rita de Cássia,BA,-11.0013969,-44.5209684
Atlântico Baiano,Almadina,BA,-14.7025806,-39.6383321
Atlântico Baiano,Buerarema,BA,-14.9571177,-39.3008035
Atlântico Baiano,Camamu,BA,-13.9438142,-39.1060917
Atlântico Baiano,Itapé,BA,-14.8970856,-39.4246637
Atlântico Baiano,Maraú,BA,-14.103022,-39.0144322
Atlântico Baiano,Prado,BA,-17.336357,-39.222721
Atlântico Baiano,Ubaitaba,BA,-14.3117771,-39.3226605
Atlântico Baiano,Itabela,BA,-16.5743392,-39.561961
Atlântico Baiano,Floresta Azul,BA,-14.8602238,-39.6561384
Atlântico Baiano,Ilhéus,BA,-14.792599,-39.0453843
Atlântico Baiano,Itaju do Colônia,BA,-15.1415094,-39.7230045
Atlântico Baiano,Una,BA,-15.2724926,-39.246885384186854
Atlântico Baiano,Arataca,BA,-15.2617424,-39.4122943
Atlântico Baiano,Camacan,BA,-15.4166631,-39.4930088
Atlântico Baiano,Eunápolis,BA,-16.3722412,-39.575704
Atlântico Baiano,Itapitanga,BA,-14.4213865,-39.5664662
Atlântico Baiano,Mascote,BA,-15.5645474,-39.3026663
Atlântico Baiano,Santa Luzia,BA,-15.4307844,-39.3303259
Atlântico Baiano,Aurelino Leal,BA,-14.3167137,-39.3256107
Atlântico Baiano,Itamaraju,BA,-17.0363103,-39.527994
Atlântico Baiano,Ibicaraí,BA,-14.8625311,-39.5890865
Atlântico Baiano,Itabuna,BA,-14.7935179,-39.274318
Atlântico Baiano,Itajuípe,BA,-14.6744381,-39.3759427
Atlântico Baiano,Uruçuca,BA,-14.5913092,-39.2862094
Atlântico Baiano,Barro Preto,BA,-14.8068289,-39.4727588
Atlântico Baiano,Canavieiras,BA,-15.6790128,-38.9449622
Atlântico Baiano,Jucuruçu,BA,-16.843428,-40.1596925
Atlântico Baiano,Jussari,BA,-15.1882453,-39.493597
Atlântico Baiano,Porto Seguro,BA,-16.443473,-39.064251
Atlântico Baiano,São José da Vitória,BA,-15.0790716,-39.3365369
Atlântico Baiano,Gandu,BA,-13.7448138,-39.4844732
Atlântico Baiano,Coaraci,BA,-14.6407979,-39.5496765
Atlântico Baiano,Ibirapitanga,BA,-14.1615686,-39.369522
Atlântico Baiano,Itacaré,BA,-14.2781298,-38.9951418
Atlântico Baiano,Pau Brasil,BA,-15.4645802,-39.6518409
Montanhas do Espírito Santo (Denominação de Origem),Venda Nova do Imigrante,ES,-20.3325787,-41.1295842
Montanhas do Espírito Santo (Denominação de Origem),Marechal Floriano,ES,-20.4124966,-40.6749858
Montanhas do Espírito Santo (Denominação de Origem),Itarana,ES,-19.8707305,-40.8749826
Montanhas do Espírito Santo (Denominação de Origem),Domingos Martins,ES,-20.3646483,-40.6585797
Montanhas do Espírito Santo (Denominação de Origem),Alfredo Chaves,ES,-20.624970400000002,-40.75006690147988
Montanhas do Espírito Santo (Denominação de Origem),Conceição do Castelo,ES,-20.37578025,-41.27362468180633
Montanhas do Espírito Santo (Denominação de Origem),Iconha,ES,-20.7935003,-40.8108852
Montanhas do Espírito Santo (Denominação de Origem),Itaguaçu,ES,-19.8015463,-40.8564646
Montanhas do Espírito Santo (Denominação de Origem),Rio Novo do Sul,ES,-20.8641487,-40.9384378
Montanhas do Espírito Santo (Denominação de Origem),Afonso Cláudio,ES,-20.077841,-41.12606
Montanhas do Espírito Santo (Denominação de Origem),Brejetuba,ES,-20.10724545,-41.29419956225513
Montanhas do Espírito Santo (Denominação de Origem),Castelo,ES,-20.6034476,-41.2033505
Montanhas do Espírito Santo (Denominação de Origem),Vargem Alta,ES,-20.6742303,-41.010615
Montanhas do Espírito Santo (Denominação de Origem),Santa Teresa,ES,-19.936339,-40.597945
Montanhas do Espírito Santo (Denominação de Origem),Santa Leopoldina,ES,-20.0987046,-40.5269434
Montanhas do Espírito Santo (Denominação de Origem),Santa Maria de Jetibá,ES,-20.025296,-40.743931
Conilon Capixaba,Governador Lindenberg,ES,-19.25076,-40.462888
Conilon Capixaba,Jaguaré,ES,-18.9029244,-40.0712037
Conilon Capixaba,Linhares,ES,-19.3816944,-40.0612213
Conilon Capixaba,Nova Venécia,ES,-18.7063456,-40.3969786
Conilon Capixaba,Pinheiros,ES,-18.4127047,-40.217534
Conilon Capixaba,Rio Bananal,ES,-19.2614413,-40.3353272
Conilon Capixaba,São Gabriel da Palha,ES,-19.0148349,-40.539464
Conilon Capixaba,Colatina,ES,-19.5346732,-40.6287836
Conilon Capixaba,São Mateus,ES,-18.7156342,-39.8482555
Conilon Capixaba,Sooretama,ES,-19.1918129,-40.1037067
Conilon Capixaba,Vila Valério,ES,-18.9984033,-40.3894342
Norte Pioneiro do Paraná (Indicação de Procedência),Congonhinhas,PR,-23.5497241,-50.5520182
Norte Pioneiro do Paraná (Indicação de Procedência),Itambaracá,PR,-23.0176678,-50.406887
Norte Pioneiro do Paraná (Indicação de Procedência),Nova Santa Bárbara,PR,-23.5860638,-50.7638011
Norte Pioneiro do Paraná (Indicação de Procedência),Santa Mariana,PR,-23.1499367,-50.5199587
Norte Pioneiro do Paraná (Indicação de Procedência),Sapopema,PR,-23.9105099,-50.5791315
Norte Pioneiro do Paraná (Indicação de Procedência),Andirá,PR,-23.0494761,-50.2310027
Norte Pioneiro do Paraná (Indicação de Procedência),Conselheiro Mairinck,PR,-23.6229983,-50.1706779
Norte Pioneiro do Paraná (Indicação de Procedência),Ibaiti,PR,-23.8452962,-50.1905666
Norte Pioneiro do Paraná (Indicação de Procedência),Joaquim Távora,PR,-23.4999724,-49.9232545
Norte Pioneiro do Paraná (Indicação de Procedência),Ribeirão Claro,PR,-23.1960492,-49.7568326
Norte Pioneiro do Paraná (Indicação de Procedência),Santo Antônio da Platina,PR,-23.2957157,-50.0778957
Norte Pioneiro do Paraná (Indicação de Procedência),Wenceslau Braz,PR,-23.8748841,-49.8035872
Norte Pioneiro do Paraná (Indicação de Procedência),Assaí,PR,-23.3736041,-50.8454929
Norte Pioneiro do Paraná (Indicação de Procedência),Leópolis,PR,-23.0789091,-50.7501808
Norte Pioneiro do Paraná (Indicação de Procedência),Rancho Alegre,PR,-23.070922,-50.9142676
Norte Pioneiro do Paraná (Indicação de Procedência),Santo Antônio do Paraíso,PR,-23.4949247,-50.6468656
Norte Pioneiro do Paraná (Indicação de Procedência),Sertaneja,PR,-23.0367627,-50.816802
Norte Pioneiro do Paraná (Indicação de Procedência),Barra do Jacaré,PR,-23.1151788,-50.1813945
Norte Pioneiro do Paraná (Indicação de Procedência),Curiúva,PR,-24.0383013,-50.455484
Norte Pioneiro do Paraná (Indicação de Procedência),Jaboti,PR,-23.7431092,-50.0748781
Norte Pioneiro do Paraná (Indicação de Procedência),Jundiaí do Sul,PR,-23.4369861,-50.2478173
Norte Pioneiro do Paraná (Indicação de Procedência),Ribeirão do Pinhal,PR,-23.4063092,-50.3581945
Norte Pioneiro do Paraná (Indicação de Procedência),São José da Boa Vista,PR,-23.9171872,-49.6508016
Norte Pioneiro do Paraná (Indicação de Procedência),Bandeirantes,PR,-23.107788,-50.370407
Norte Pioneiro do Paraná (Indicação de Procedência),Nova América da Colina,PR,-23.3315888,-50.7182735
Norte Pioneiro do Paraná (Indicação de Procedência),Santa Amélia,PR,-23.2661996,-50.4278622
Norte Pioneiro do Paraná (Indicação de Procedência),São Jerônimo da Serra,PR,-23.7221275,-50.7389164
Norte Pioneiro do Paraná (Indicação de Procedência),Uraí,PR,-23.199997,-50.793873
Norte Pioneiro do Paraná (Indicação de Procedência),Cambará,PR,-23.042273,-50.075281
Norte Pioneiro do Paraná (Indicação de Procedência),Figueira,PR,-23.8481018,-50.4059875
Norte Pioneiro do Paraná (Indicação de Procedência),Jacarezinho,PR,-23.159115,-49.973889
Norte Pioneiro do Paraná (Indicação de Procedência),Pinhalão,PR,-23.7889966,-50.0577318
Norte Pioneiro do Paraná (Indicação de Procedência),Salto do Itararé,PR,-23.6038767,-49.626581
Norte Pioneiro do Paraná (Indicação de Procedência),Siqueira Campos,PR,-23.687481,-49.830416
Norte Pioneiro do Paraná (Indicação de Procedência),Cornélio Procópio,PR,-23.1825218,-50.6499263
Norte Pioneiro do Paraná (Indicação de Procedência),Nova Fátima,PR,-23.433056,-50.5618055
Norte Pioneiro do Paraná (Indicação de Procedência),Santa Cecília do Pavão,PR,-23.5176577,-50.7837199
Norte Pioneiro do Paraná (Indicação de Procedência),São Sebastião da Amoreira,PR,-23.4647501,-50.7605173
Norte Pioneiro do Paraná (Indicação de Procedência),Abatiá,PR,-23.3052967,-50.3102532
Norte Pioneiro do Paraná (Indicação de Procedência),Carlópolis,PR,-23.4285011,-49.7208814
Norte Pioneiro do Paraná (Indicação de Procedência),Guapirama,PR,-23.5164582,-50.0431538
Norte Pioneiro do Paraná (Indicação de Procedência),Japira,PR,-23.8119773,-50.1397133
Norte Pioneiro do Paraná (Indicação de Procedência),Quatiguá,PR,-23.5669626,-49.9160315
Norte Pioneiro do Paraná (Indicação de Procedência),Santana do Itararé,PR,-23.7566225,-49.6292826
Norte Pioneiro do Paraná (Indicação de Procedência),Tomazina,PR,-23.7777942,-49.9546482
Paraná,Altamira do Paraná,PR,-24.7988854,-52.7131879
Paraná,Paranacity,PR,-22.9304971,-52.1523164
Paraná,São João do Caiuá,PR,-22.8544849,-52.3371114
Paraná,Bela Vista do Paraíso,PR,-22.9948493,-51.1907996
Paraná,Cidade Gaúcha,PR,-23.3816558,-52.9444098
Paraná,Formosa do Oeste,PR,-24.2966562,-53.312801
Paraná,Ivaté,PR,-23.4084656,-53.3698352
Paraná,Lunardelli,PR,-24.0793542,-51.7421822
Paraná,Nova Aurora,PR,-24.5282336,-53.2576703
Paraná,Rio Branco do Ivaí,PR,-24.3193396,-51.3139672
Paraná,Tuneiras do Oeste,PR,-23.8672329,-52.8749376
Paraná,Alto Paraíso,PR,-23.508137,-53.728537
Paraná,Paranavaí,PR,-23.08165,-52.461724
Paraná,São João do Ivaí,PR,-23.9914063,-51.8232148
Paraná,Boa Esperança,PR,-24.2411024,-52.7860277
Paraná,Colorado,PR,-22.8385097,-51.9730135
Paraná,Guaporema,PR,-23.340218,-52.778605
Paraná,Ivatuba,PR,-23.618722,-52.2174491
Paraná,Lupionópolis,PR,-22.7558205,-51.6575301
Paraná,Nova Esperança,PR,-23.1818437,-52.1999852
Paraná,Rolândia,PR,-23.3119901,-51.3674145
Paraná,Ubiratã,PR,-24.542725,-52.9899678
Paraná,Alto Paraná,PR,-23.131247,-52.318893
Paraná,Peabiru,PR,-23.9142123,-52.3455598
Paraná,São Jorge do Ivaí,PR,-23.4327325,-52.2924553
Paraná,Boa Vista da Aparecida,PR,-25.4357216,-53.4067721
Paraná,Corbélia,PR,-24.7951117,-53.2961804
Paraná,Guaraci,PR,-22.970394,-51.6479769
Paraná,Jaguapitã,PR,-23.1102516,-51.5327741
Paraná,Mamborê,PR,-24.3084433,-52.5298446
Paraná,Nova Londrina,PR,-22.7633621,-52.9875908
Paraná,Roncador,PR,-24.5952165,-52.2710073
Paraná,Umuarama,PR,-23.7621152,-53.3116192
Paraná,Altônia,PR,-23.8722004,-53.894037
Paraná,Perobal,PR,-23.894861,-53.409838
Paraná,São Jorge do Patrocínio,PR,-23.7612908,-53.8806252
Paraná,Bom Sucesso,PR,-23.7101968,-51.7661597
Paraná,Corumbataí do Sul,PR,-24.100956,-52.11766
Paraná,Ibiporã,PR,-23.2684137,-51.0475907
Paraná,Jandaia do Sul,PR,-23.6003907,-51.645674
Paraná,Mandaguaçu,PR,-23.3485076,-52.0966215
Paraná,Nova Olímpia,PR,-23.4699403,-53.090112
Paraná,Rondon,PR,-23.4171839,-52.7722221
Paraná,Uniflor,PR,-23.0853871,-52.1584403
Paraná,Alvorada do Sul,PR,-22.7807269,-51.2307721
Paraná,Pérola,PR,-23.8031666,-53.6824972
Paraná,São José das Palmeiras,PR,-24.8350864,-54.0621488
Paraná,Borrazópolis,PR,-23.9399295,-51.5842203
Paraná,Cruzeiro do Oeste,PR,-23.7839582,-53.0709425
Paraná,Icaraíma,PR,-23.3948345,-53.6162036
Paraná,Janiópolis,PR,-24.140124,-52.77836
Paraná,Mandaguari,PR,-23.5224849,-51.6787511
Paraná,Nova Tebas,PR,-24.437958,-51.945357
Paraná,São Manoel do Paraná,PR,-23.394137,-52.645376
Paraná,Vera Cruz do Oeste,PR,-25.058614,-53.8785648
Paraná,Amaporã,PR,-23.094272,-52.786597
Paraná,Pitangueiras,PR,-23.2313428,-51.587301
Paraná,Terra Boa,PR,-23.768329,-52.447002
Paraná,Braganey,PR,-24.8179919,-53.118506
Paraná,Cruzmaltina,PR,-23.9930826,-51.4435583
Paraná,Iguaraçu,PR,-23.1972911,-51.8244524
Paraná,Japurá,PR,-23.469273,-52.55572
Paraná,Maria Helena,PR,-23.6139395,-53.206135
Paraná,Planaltina do Paraná,PR,-23.0228724,-52.9160307
Paraná,São Miguel do Iguaçu,PR,-25.349171,-54.240498
Paraná,Xambrê,PR,-23.7361723,-53.4881707
Paraná,Francisco Alves,PR,-24.0694395,-53.844348
Paraná,Sabáudia,PR,-23.319019,-51.5544109
Paraná,Anahy,PR,-24.6450861,-53.1337957
Paraná,Cafeara,PR,-22.78905,-51.714195
Paraná,Diamante do Norte,PR,-22.6565442,-52.8589113
Paraná,Iguatu,PR,-24.7170385,-53.0865561
Paraná,Jardim Alegre,PR,-24.1795192,-51.6927177
Paraná,Marialva,PR,-23.4820987,-51.795788
Paraná,Porecatu,PR,-22.753724,-51.37949
Paraná,São Pedro do Ivaí,PR,-23.8660384,-51.8563711
Paraná,Godoy Moreira,PR,-24.1925289,-51.9232662
Paraná,Santa Cruz de Monte Castelo,PR,-22.9582028,-53.294859
Paraná,Ângulo,PR,-23.1958345,-51.9094976
Paraná,Cafezal do Sul,PR,-23.900508,-53.512418
Paraná,Diamante d`Oeste,PR,-24.9446989,-54.1028594
Paraná,Inajá,PR,-22.7530214,-52.1976067
Paraná,Jardim Olinda,PR,-22.5520625,-52.036373
Paraná,Marilândia do Sul,PR,-23.7462425,-51.3021452
Paraná,Porto Rico,PR,-22.774742,-53.267731
Paraná,São Pedro do Paraná,PR,-22.8240967,-53.222755
Paraná,Goioerê,PR,-24.1851885,-53.0250623
Paraná,Santa Fé,PR,-23.039993,-51.808014
Paraná,Apucarana,PR,-23.5525327,-51.4610764
Paraná,Califórnia,PR,-23.6672543,-51.3554556
Paraná,Douradina,PR,-23.3847331,-53.2932989
Paraná,Indianópolis,PR,-23.4807249,-52.6987037
Paraná,Jesuítas,PR,-24.3807263,-53.3855699
Paraná,Mariluz,PR,-24.0031216,-53.148113
Paraná,Prado Ferreira,PR,-23.039784,-51.4431235
Paraná,São Tomé,PR,-23.534946,-52.590125
Paraná,Grandes Rios,PR,-24.1454626,-51.5063628
Paraná,Santa Inês,PR,-22.640225,-51.9031333
Paraná,Arapongas,PR,-23.4152862,-51.4293961
Paraná,Cambé,PR,-23.2782035,-51.2779583
Paraná,Doutor Camargo,PR,-23.5575611,-52.2185546
Paraná,Iporã,PR,-24.0039474,-53.7100595
Paraná,Jussara,PR,-23.621931,-52.46931
Paraná,Maringá,PR,-23.425269,-51.9382078
Paraná,Presidente Castelo Branco,PR,-23.2790844,-52.1528771
Paraná,Sarandi,PR,-23.444117,-51.876016
Paraná,Guairaçá,PR,-22.9352304,-52.6865101
Paraná,Santa Isabel do Ivaí,PR,-23.0013818,-53.1940876
Paraná,Arapoti,PR,-24.1457957,-49.8224605
Paraná,Cambira,PR,-23.6002773,-51.5809914
Paraná,Engenheiro Beltrão,PR,-23.7996003,-52.2592684
Paraná,Iracema do Oeste,PR,-24.427888,-53.3539137
Paraná,Kaloré,PR,-23.8242643,-51.6683666
Paraná,Marumbi,PR,-23.7070343,-51.6408276
Paraná,Primeiro de Maio,PR,-22.851714,-51.029251
Paraná,Sertanópolis,PR,-23.0600434,-51.0373544
Paraná,Novo Itacolomi,PR,-23.7632302,-51.5074087
Paraná,Santa Mônica,PR,-23.1085921,-53.1103971
Paraná,Arapuã,PR,-24.3079525,-51.7901941
Paraná,Campina da Lagoa,PR,-24.5937926,-52.8038965
Paraná,Farol,PR,-24.0935055,-52.6232183
Paraná,Iretama,PR,-24.4212538,-52.1023538
Paraná,Lidianópolis,PR,-24.1073464,-51.6525676
Paraná,Mirador,PR,-23.257015,-52.7756432
Paraná,Quarto Centenário,PR,-24.27904,-53.075881
Paraná,Tamarana,PR,-23.7223793,-51.0936013
Paraná,Ortigueira,PR,-24.2088891,-50.925043
Paraná,Santa Tereza do Oeste,PR,-25.0511956,-53.6161834
Paraná,Araruna,PR,-23.9320308,-52.4976047
Paraná,Campo Mourão,PR,-24.046329,-52.37802
Paraná,Fênix,PR,-23.9169495,-51.9801443
Paraná,Itaguajé,PR,-22.618282,-51.967351
Paraná,Lindoeste,PR,-25.2608275,-53.5758136
Paraná,Miraselva,PR,-22.9675823,-51.4847793
Paraná,Querência do Norte,PR,-23.083758,-53.483022
Paraná,Tamboara,PR,-23.1995071,-52.5000131
Paraná,Ourizona,PR,-23.4047001,-52.1954085
Paraná,Santa Terezinha de Itaipu,PR,-25.4390809,-54.4019902
Paraná,Ariranha do Ivaí,PR,-24.3834527,-51.5876772
Paraná,Cândido de Abreu,PR,-24.5747463,-51.3432207
Paraná,Floraí,PR,-23.3206134,-52.3009856
Paraná,Itaipulândia,PR,-25.1417007,-54.2980691
Paraná,Loanda,PR,-22.9320944,-53.1352452
Paraná,Moreira Sales,PR,-24.0509413,-53.0101722
Paraná,Quinta do Sol,PR,-23.8494169,-52.1334452
Paraná,Tapejara,PR,-23.7334411,-52.8701739
Paraná,Ouro Verde do Oeste,PR,-24.7741302,-53.906938
Paraná,Santo Antônio do Caiuá,PR,-22.7365132,-52.3446998
Paraná,Assis Chateaubriand,PR,-24.4054826,-53.5120468
Paraná,Centenário do Sul,PR,-22.821497,-51.5951456
Paraná,Floresta,PR,-23.6144046,-52.0819003
Paraná,Itambé,PR,-23.659424,-51.9903555
Paraná,Lobato,PR,-23.0077055,-51.9524309
Paraná,Munhoz de Melo,PR,-22.8230758,-51.5943932
Paraná,Ramilândia,PR,-25.1190203,-54.0301175
Paraná,Tapira,PR,-23.323146,-53.0712033
Paraná,Paiçandu,PR,-23.4575884,-52.048988
Paraná,Santo Inácio,PR,-22.6973239,-51.792679
Paraná,Atalaia,PR,-23.1513833,-52.0529697
Paraná,Céu Azul,PR,-25.1484973,-53.8494214
Paraná,Florestópolis,PR,-22.8663942,-51.3905121
Paraná,Itaúna do Sul,PR,-22.7302304,-52.8854393
Paraná,Londrina,PR,-23.3112878,-51.1595023
Paraná,Nossa Senhora das Graças,PR,-22.9138823,-51.7962681
Paraná,Rancho Alegre d`Oeste,PR,-24.3065214,-52.9551791
Paraná,Terra Rica,PR,-22.7264874,-52.6202541
Paraná,Paraíso do Norte,PR,-23.2841185,-52.6024125
Paraná,São Carlos do Ivaí,PR,-23.315828,-52.476143
Paraná,Barbosa Ferraz,PR,-24.0287182,-52.00811
Paraná,Cianorte,PR,-23.662036,-52.6103989
Paraná,Flórida,PR,-23.0861312,-51.9540843
Paraná,Ivaiporã,PR,-24.2433517,-51.6719268
Paraná,Luiziana,PR,-24.2838237,-52.2767531
Paraná,Nova Aliança do Ivaí,PR,-23.176271,-52.603244
Paraná,Rio Bom,PR,-23.7618456,-51.4127871
Paraná,Terra Roxa,PR,-24.1670468,-54.097432
Rondônia,Alto Paraíso,RO,-9.7240103,-63.3188123
Rondônia,Cabixi,RO,-13.4956065,-60.5424442
Rondônia,Candeias do Jamari,RO,-8.7949939,-63.7018851
Rondônia,Colorado do Oeste,RO,-13.117431,-60.545428
Rondônia,Cujubim,RO,-9.3687919,-62.5832107
Rondônia,Itapuã do Oeste,RO,-9.189646,-63.1910097
Rondônia,Machadinho d`Oeste,RO,-9.4240851,-61.9923719
Rondônia,Nova Mamoré,RO,-10.4104864,-65.3313761
Rondônia,Parecis,RO,-12.1810712,-61.6037558
Rondônia,Presidente Médici,RO,-11.1686638,-61.9057627
Rondônia,Teixeirópolis,RO,-10.9336967,-62.2560049
Rondônia,Vale do Anari,RO,-9.8580807,-62.1741423
Rondônia,Ariquemes,RO,-9.9076522,-63.033069
Rondônia,Cacaulândia,RO,-10.3380043,-62.9007231
Rondônia,Cerejeiras,RO,-13.186987,-60.816836
Rondônia,Corumbiara,RO,-12.9977668,-60.9455009
Rondônia,Governador Jorge Teixeira,RO,-10.6140224,-62.7326412
Rondônia,Jaru,RO,-10.431826,-62.478769
Rondônia,Mirante da Serra,RO,-11.0321694,-62.6717012
Rondônia,Nova União,RO,-10.91591,-62.5570096
Rondônia,Pimenta Bueno,RO,-11.6767868,-61.1863902
Rondônia,Rio Crespo,RO,-9.7052777,-62.9004474
Rondônia,Theobroma,RO,-10.246489,-62.3493803
Rondônia,Vale do Paraíso,RO,-10.4266959,-62.1300904
Rondônia,Buritis,RO,-10.2054937,-63.8281954
Rondônia,Campo Novo de Rondônia,RO,-10.5704235,-63.6199511
Rondônia,Chupinguaia,RO,-12.5528918,-60.9027819
Rondônia,Costa Marques,RO,-12.4367165,-64.2279765
Rondônia,Guajará-Mirim,RO,-10.7804239,-65.3327825
Rondônia,Ji-Paraná,RO,-10.8778148,-61.9277854
Rondônia,Monte Negro,RO,-10.2603398,-63.2977025
Rondônia,Ouro Preto do Oeste,RO,-10.7166851,-62.2602399
Rondônia,Porto Velho,RO,-8.7494525,-63.8735438
Rondônia,São Francisco do Guaporé,RO,-12.0609982,-63.5668307
Rondônia,Urupá,RO,-11.1256535,-62.3704203
Rondônia,Vilhena,RO,-12.7368536,-60.1465555
Matas de Rondônia,Alta Floresta d`Oeste,RO,-11.9296917,-61.9961284
Matas de Rondônia,Alto Alegre dos Parecis,RO,-12.1314515,-61.856265
Matas de Rondônia,Alvorada d`Oeste,RO,-11.346271,-62.284697
Matas de Rondônia,Cacoal,RO,-11.4333,-61.4420502
Matas de Rondônia,Castanheiras,RO,-11.4277212,-61.9486802
Matas de Rondônia,Espigão d`Oeste,RO,-11.532175,-61.0130935
Matas de Rondônia,Ministro Andreazza,RO,-11.1981045,-61.5167422
Matas de Rondônia,Nova Brasilândia d`Oeste,RO,-11.722692,-62.315545
Matas de Rondônia,Novo Horizonte do Oeste,RO,-11.7105311,-61.9993277
Matas de Rondônia,Primavera de Rondônia,RO,-11.829456,-61.315336
Matas de Rondônia,Rolim de Moura,RO,-11.727071,-61.771411
Matas de Rondônia,Santa Luzia d`Oeste,RO,-11.9064424,-61.7797356
Matas de Rondônia,São Felipe d`Oeste,RO,-11.9107798,-61.5130058
Matas de Rondônia,São Miguel do Guaporé,RO,-11.6951466,-62.7195739
Matas de Rondônia,Seringueiras,RO,-11.7715738,-63.0346835
Noroeste/Norte do Rio de Janeiro,Bom Jesus do Itabapoana,RJ,-21.1341025,-41.680095
Noroeste/Norte do Rio de Janeiro,Cambuci,RJ,-21.5749919,-41.9107833
Noroeste/Norte do Rio de Janeiro,Campos dos Goytacazes,RJ,-21.7558619,-41.3326895
Noroeste/Norte do Rio de Janeiro,Conceição de Macabu,RJ,-22.0849986,-41.8679947
Noroeste/Norte do Rio de Janeiro,Laje do Muriaé,RJ,-21.2082595,-42.1226959
Noroeste/Norte do Rio de Janeiro,Miracema,RJ,-21.4123651,-42.1965147
Noroeste/Norte do Rio de Janeiro,Natividade,RJ,-21.040694,-41.9817534
Noroeste/Norte do Rio de Janeiro,Porciúncula,RJ,-20.9627278,-42.0405703
Noroeste/Norte do Rio de Janeiro,São Fidélis,RJ,-21.6482101,-41.7480548
Noroeste/Norte do Rio de Janeiro,Varre-Sai,RJ,-20.892291399999998,-41.8385763827082
Noroeste/Norte do Rio de Janeiro,Itaperuna,RJ,-21.2048,-41.88801
Serrana do Rio de Janeiro,Bom Jardim,RJ,-22.5144281,-42.6272741
Serrana do Rio de Janeiro,Carmo,RJ,-21.9341749,-42.6091737
Serrana do Rio de Janeiro,Petrópolis,RJ,-22.5075743,-43.1785356
Serrana do Rio de Janeiro,Teresópolis,RJ,-22.4164578,-42.975194
Serrana do Rio de Janeiro,Cantagalo,RJ,-21.9811325,-42.3682522
Serrana do Rio de Janeiro,Cordeiro,RJ,-22.0287681,-42.3607442
Serrana do Rio de Janeiro,Duas Barras,RJ,-22.0522519,-42.5194705
Serrana do Rio de Janeiro,Santa Maria Madalena,RJ,-21.9557957,-42.008283
Serrana do Rio de Janeiro,São José do Vale do Rio Preto,RJ,-22.1509994,-42.9239986
Serrana do Rio de Janeiro,Sumidouro,RJ,-22.0498059,-42.6742601
Serrana do Rio de Janeiro,Trajano de Moraes,RJ,-22.0637911,-42.0644414
Sul do Rio de Janeiro,Areal,RJ,-22.2314922,-43.1056264
Sul do Rio de Janeiro,Barra do Piraí,RJ,-22.4703403,-43.8263256
Sul do Rio de Janeiro,Miguel Pereira,RJ,-22.4539417,-43.4691978
Sul do Rio de Janeiro,Vassouras,RJ,-22.4093928,-43.6609318
Sul do Rio de Janeiro,Paraíba do Sul,RJ,-22.1636384,-43.2916915
Sul do Rio de Janeiro,Sapucaia,RJ,-21.9946569,-42.9137975
Sul do Rio de Janeiro,Três Rios,RJ,-22.1167884,-43.2087226
Sul do Rio de Janeiro,Valença,RJ,-22.2461028,-43.6996917
Ceará,Abaiara,CE,-7.3607808,-39.0487878
Ceará,Aratuba,CE,-4.4195958,-39.0463737
Ceará,Ubajara,CE,-3.8534468,-40.9185642
Ceará,Viçosa do Ceará,CE,-3.5667684,-41.091504
Ceará,Capistrano,CE,-4.4644692,-38.8956734
Ceará,Croatá,CE,-4.4156199,-40.9048081
Ceará,Guaraciaba do Norte,CE,-4.1632924,-40.7495985
Ceará,Ibiapina,CE,-3.9228792,-40.8890296
Ceará,Ipueiras,CE,-4.5427141,-40.7168461
Ceará,Itapipoca,CE,-3.499329,-39.583571
Ceará,Meruoca,CE,-3.5390209,-40.4546107
Ceará,Pacatuba,CE,-3.9841,-38.6180383
Ceará,Porteiras,CE,-7.5341572,-39.1153149
Ceará,Reriutaba,CE,-4.1418352,-40.5824356
Ceará,Alcântaras,CE,-3.586247,-40.5457641
Ceará,Tianguá,CE,-3.7307332,-41.0004019
Ceará,Uruburetama,CE,-3.6235302,-39.5050697
Ceará,Baturité,CE,-4.3290203,-38.8821055
Ceará,Carnaubal,CE,-4.1611842,-40.9412317
Ceará,Graça,CE,-4.0453849,-40.7527195
Ceará,Guaramiranga,CE,-4.2615431,-38.9339337
Ceará,Ipu,CE,-4.3239824,-40.7097463
Ceará,Itapajé,CE,-3.6841324,-39.5851265
Ceará,Massapê,CE,-3.5239058,-40.3423107
Ceará,Mulungu,CE,-5.888418,-39.384758
Ceará,Palmácia,CE,-4.1478012,-38.8460317
Ceará,Redenção,CE,-4.2243979,-38.7278461
Ceará,São Benedito,CE,-4.0479952,-40.8643488
Goiás,Ipameri,GO,-17.7215439,-48.158118
Goiás,Catalão,GO,-18.1702546,-47.9447082
Goiás,Cabeceiras,GO,-15.7485892,-46.96464784
Goiás,Niquelândia,GO,-14.4648655,-48.4572244
Goiás,Planaltina,GO,-15.4571536,-47.6089024
Goiás,Montividiu,GO,-17.450464,-51.1737162
Goiás,Gameleira de Goiás,GO,-16.4853739,-48.64541
Goiás,Paraúna,GO,-16.9495937,-50.4473008
Goiás,Anicuns,GO,-16.4606451,-49.9572265
Goiás,Piracanjuba,GO,-17.3020379,-49.0170101
Goiás,Hidrolândia,GO,-16.9671342,-49.22826
Goiás,Campo Alegre de Goiás,GO,-17.6337896,-47.779291
Goiás,Água Fria de Goiás,GO,-14.9803368,-47.7824312
Goiás,Cristalina,GO,-16.7680599,-47.6133427
Goiás,São João d`Aliança,GO,-14.7043453,-47.5206865
Goiás,Rio Verde,GO,-17.7921255,-50.9191219
Goiás,Goiânia,GO,-16.680882,-49.2532691
Goiás,Goianira,GO,-16.5001973,-49.4254788
Goiás,Mineiros,GO,-17.5653879,-52.5536721
Goiás,Trindade,GO,-16.6549924,-49.4876203
Goiás,Caiapônia,GO,-16.9538779,-51.8090761
Pernambuco,Taquaritinga do Norte,PE,-7.9027766,-36.0442227
Pernambuco,Paranatama,PE,-8.894516849999999,-36.73692078185357
Pernambuco,Saloá,PE,-8.99977505,-36.70927615833333
Pernambuco,Vertentes,PE,-7.906103,-35.9894975
Pernambuco,Garanhuns,PE,-8.8905889,-36.4930896
Pernambuco,Bom Conselho,PE,-9.169191,-36.685683
Pernambuco,Correntes,PE,-9.1295585,-36.3287438
Pernambuco,São João,PE,-8.875762,-36.36532
Pernambuco,Moreilândia,PE,-7.61413655,-39.495672585037795
Pernambuco,Angelim,PE,-8.87542535,-36.27255800003883
Pernambuco,Brejão,PE,-9.02880825,-36.53727910136986
Pernambuco,São Joaquim do Monte,PE,-8.4323653,-35.8076179
Pernambuco,Triunfo,PE,-7.8362959,-38.1042617
Pernambuco,Exu,PE,-7.515434,-39.722015
Pernambuco,Gravatá,PE,-8.1993049,-35.5631137
Pernambuco,Terezinha,PE,-9.0739297,-36.62827209844892
Pernambuco,Panelas,PE,-8.661211,-36.012539
Pernambuco,Canhotinho,PE,-8.876519,-36.197935
Pernambuco,Caetés,PE,-8.7728788,-36.6255835
Pernambuco,Santa Cruz da Baixa Verde,PE,-7.8415246,-38.17659615671501
Planalto Central,Brasília,DF,-15.7934036,-47.8823172
Caparaó (Denominação de Origem),Dores do Rio Preto,ES,-20.6907113,-41.846385
Caparaó (Denominação de Origem),São José do Calçado,ES,-21.0271161,-41.654069
Caparaó (Denominação de Origem),Divino de São Lourenço,ES,-20.6224575,-41.6853124
Caparaó (Denominação de Origem),Guaçuí,ES,-20.7726679,-41.6750657
Caparaó (Denominação de Origem),Alegre,ES,-20.728080499999997,-41.49667054846215
Caparaó (Denominação de Origem),Alto Jequitibá,MG,-20.438012399999998,-41.95316239489647
Caparaó (Denominação de Origem),Alto Caparaó,MG,-20.45726905,-41.85675473848279
Caparaó (Denominação de Origem),Caparaó,MG,-20.5232726,-41.9049984
Caparaó (Denominação de Origem),Espera Feliz,MG,-20.6494192,-41.9080693
Caparaó (Denominação de Origem),Manhumirim,MG,-20.3599141,-41.9554606
Caparaó (Denominação de Origem),Martins Soares,MG,-20.2583778,-41.8761462
Caparaó (Denominação de Origem),Muniz Freire,ES,-20.4636068,-41.4137007
Caparaó (Denominação de Origem),Ibitirama,ES,-20.5394377,-41.6644451
Caparaó (Denominação de Origem),Iúna,ES,-20.3427029,-41.5360386
Caparaó (Denominação de Origem),Irupi,ES,-20.346479,-41.6392581
Caparaó (Denominação de Origem),Ibatiba,ES,-20.2342792,-41.5082981
Acre,Acrelândia,AC,-10.0759167,-67.0526898
Acre,Brasiléia,AC,-11.0010413,-68.7487894
Acre,Manoel Urbano,AC,-8.838755,-69.2619465
Acre,Senador Guiomard,AC,-9.9765,-67.31913961038961
Acre,Feijó,AC,-8.1648652,-70.3539579
Acre,Plácido de Castro,AC,-10.3239154,-67.1824196
Acre,Rio Branco,AC,-9.9765362,-67.8220778
Acre,Assis Brasil,AC,-10.9409203,-69.5672108
Acre,Epitaciolândia,AC,-11.0289439,-68.7411519
Acre,Sena Madureira,AC,-9.0659556,-68.6571058
Acre,Porto Acre,AC,-9.5879722,-67.53307
Acre,Capixaba,AC,-10.5741345,-67.6759719
Acre,Xapuri,AC,-10.6511174,-68.5017902
Mato Grosso,Alta Floresta,MT,-9.8698547,-56.0834993
Mato Grosso,Aripuanã,MT,-10.175806,-59.4439663
Mato Grosso,Carlinda,MT,-9.9690671,-55.8200191
Mato Grosso,Castanheira,MT,-11.1391946,-58.6088547
Mato Grosso,Colniza,MT,-9.4560637,-59.2197132
Mato Grosso,Comodoro,MT,-13.6581107,-59.786883
Mato Grosso,Cotriguaçu,MT,-9.9034364,-58.5658915
Mato Grosso,Juína,MT,-11.4230908,-58.7570212
Mato Grosso,Juruena,MT,-10.3282716,-58.4968918
Mato Grosso,Nova Bandeirantes,MT,-9.8494172,-57.8139698
Mato Grosso,Nova Lacerda,MT,-14.4753855,-59.5881498
Mato Grosso,Paranaíta,MT,-9.6655602,-56.4758122
Mato Grosso,Rondolândia,MT,-10.8428772,-61.4596962
Mato Grosso,Santo Antônio do Leverger,MT,-15.857723834511072,-56.0786685328156
Mato Grosso,Tangará da Serra,MT,-14.6213903,-57.4907268
Mato Grosso,Nova Monte verde,MT,-9.9796694,-57.467331
